{
  "benchmark_category": "computational_fluid_dynamics",
  "data": {
    "cs": 0.5773502691896258,
    "directions": 5,
    "e": [
      0,
      -1,
      1,
      -1,
      1
    ],
    "grid_size": 16,
    "initial_state": [
      [
        2.198554699914851e-36,
        4.89554210885536e-31,
        3.2909919570398236e-26,
        6.679060333572252e-22,
        4.092290236287078e-18,
        7.569723279320132e-15,
        4.227232111506301e-12,
        7.126802138177161e-10,
        3.6274031306692403e-08,
        5.573903692694586e-07,
        2.5857445199355973e-06,
        3.621381515695964e-06,
        1.5311772343445917e-06,
        1.9545156914401801e-07,
        7.532087815347093e-09,
        8.76302606136444e-11
      ],
      [
        1.2499128801463585e-32,
        1.648098290896027e-27,
        6.560682031470372e-23,
        7.884558611285176e-19,
        2.860673528738675e-15,
        3.1334424580531807e-12,
        1.0361858697501287e-09,
        1.0344657652776911e-07,
        3.1178634789557387e-06,
        2.837008143753591e-05,
        7.793393145739306e-05,
        6.463311737128576e-05,
        1.6182519405391217e-05,
        1.2232062317455915e-06,
        2.791359343768178e-08,
        1.9230666115129988e-10
      ],
      [
        3.622804314985722e-29,
        2.828707828373748e-24,
        6.667972861829149e-20,
        4.745282476013571e-16,
        1.0195131500682624e-12,
        6.612810976608786e-10,
        1.294916906400698e-07,
        7.65526463631887e-06,
        0.00013662841531689935,
        0.0007361806008702905,
        0.0011975405343392957,
        0.0005881100361710944,
        8.719457685155833e-05,
        3.90285910492677e-06,
        5.2739837517759906e-08,
        2.1515786039859703e-10
      ],
      [
        5.353436727456234e-26,
        2.475231028470067e-21,
        3.455105574070555e-17,
        1.456026968727279e-13,
        1.8524224311619368e-10,
        7.114971399513464e-08,
        8.250282152539038e-06,
        0.0002888197975160716,
        0.003052443488010452,
        0.009739369004403383,
        0.00938159162096095,
        0.002728253638722962,
        0.00023952755267085186,
        6.348757319114016e-06,
        5.0802430580847284e-08,
        1.2272774961146384e-10
      ],
      [
        4.033138504753356e-23,
        1.1042465562313378e-18,
        9.127492517698998e-15,
        2.2777152678297756e-11,
        1.7159708085153674e-08,
        3.90285910492675e-06,
        0.0002679898628088905,
        0.005555413305987041,
        0.03476777498163001,
        0.0656901021174109,
        0.037470155120903466,
        0.006452582415536424,
        0.00033546262790251185,
        5.26522875587817e-06,
        2.4948983712660218e-08,
        3.569036502310041e-11
      ],
      [
        1.549088621950955e-20,
        2.5115338237019435e-16,
        1.229318206963506e-12,
        1.816569890807086e-09,
        8.104055835616873e-07,
        0.00010914786694872213,
        0.00443803370595074,
        0.054478915677538105,
        0.20189651799465522,
        0.22588724994544082,
        0.07629869722578397,
        0.007780455842889704,
        0.00023952755267085186,
        2.226221780189261e-06,
        6.246602817494333e-09,
        5.291537441067493e-12
      ],
      [
        3.0334165805929995e-18,
        2.912290368813453e-14,
        8.441114802651933e-11,
        7.386308711286701e-08,
        1.951271127621619e-05,
        0.0015562175085281674,
        0.03747015512090343,
        0.2723724643083358,
        0.5977277578988753,
        0.3960100103150941,
        0.07920843251979498,
        0.004782986874530677,
        8.719457685155833e-05,
        4.798906351994532e-07,
        7.973657752437234e-10,
        3.999773713401189e-13
      ],
      [
        3.0283810038886943e-16,
        1.7216821682433757e-12,
        2.9550032629630237e-09,
        1.531177234344589e-06,
        0.00023952755267085142,
        0.011312224260345572,
        0.16128836913155095,
        0.6942575479919244,
        0.9021955588408993,
        0.353951106992344,
        0.04192261649363386,
        0.0014990495926173223,
        1.6182519405391248e-05,
        5.273983751775953e-08,
        5.1891228641041606e-11,
        1.54138679892898e-14
      ],
      [
        1.5413867989289694e-14,
        5.18912286410405e-11,
        5.273983751775915e-08,
        1.618251940539116e-05,
        0.0014990495926173143,
        0.041922616493633616,
        0.3539511069923438,
        0.902195558840899,
        0.6942575479919257,
        0.16128836913155123,
        0.011312224260345652,
        0.0002395275526708527,
        1.5311772343445917e-06,
        2.955003262963055e-09,
        1.7216821682434125e-12,
        3.0283810038887155e-16
      ],
      [
        3.999773713401189e-13,
        7.973657752437092e-10,
        4.798906351994524e-07,
        8.719457685155833e-05,
        0.004782986874530664,
        0.07920843251979469,
        0.3960100103150941,
        0.5977277578988754,
        0.27237246430833634,
        0.03747015512090343,
        0.0015562175085281757,
        1.9512711276216225e-05,
        7.386308711286701e-08,
        8.441114802651993e-11,
        2.912290368813494e-14,
        3.0334165805929995e-18
      ],
      [
        5.2915374410674745e-12,
        6.246602817494222e-09,
        2.226221780189249e-06,
        0.00023952755267085186,
        0.00778045584288969,
        0.07629869722578378,
        0.22588724994544102,
        0.20189651799465566,
        0.054478915677538396,
        0.004438033705950752,
        0.00010914786694872329,
        8.104055835616945e-07,
        1.816569890807099e-09,
        1.229318206963519e-12,
        2.511533823701997e-16,
        1.549088621950966e-20
      ],
      [
        3.569036502310041e-11,
        2.494898371265995e-08,
        5.265228755878161e-06,
        0.00033546262790251126,
        0.006452582415536413,
        0.03747015512090343,
        0.06569010211741101,
        0.03476777498163013,
        0.005555413305987071,
        0.00026798986280889144,
        3.9028591049267915e-06,
        1.7159708085153793e-08,
        2.277715267829784e-11,
        9.127492517699063e-15,
        1.1042465562313613e-18,
        4.033138504753413e-23
      ],
      [
        1.2272774961146384e-10,
        5.080243058084674e-08,
        6.348757319113994e-06,
        0.00023952755267085186,
        0.0027282536387229573,
        0.00938159162096094,
        0.009739369004403383,
        0.0030524434880104603,
        0.0002888197975160726,
        8.250282152539038e-06,
        7.114971399513514e-08,
        1.8524224311619435e-10,
        1.456026968727279e-13,
        3.455105574070604e-17,
        2.4752310284701195e-21,
        5.353436727456234e-26
      ],
      [
        2.1515786039859703e-10,
        5.273983751775953e-08,
        3.90285910492677e-06,
        8.71945768515585e-05,
        0.000588110036171095,
        0.001197540534339301,
        0.0007361806008702939,
        0.00013662841531690057,
        7.655264636318964e-06,
        1.294916906400705e-07,
        6.61281097660888e-10,
        1.0195131500682733e-12,
        4.745282476013571e-16,
        6.667972861829196e-20,
        2.8287078283738285e-24,
        3.6228043149857735e-29
      ],
      [
        1.9230666115129988e-10,
        2.791359343768158e-08,
        1.2232062317455892e-06,
        1.6182519405391275e-05,
        6.463311737128588e-05,
        7.793393145739348e-05,
        2.837008143753606e-05,
        3.117863478955761e-06,
        1.0344657652777021e-07,
        1.0361858697501397e-09,
        3.1334424580532473e-12,
        2.8606735287387157e-15,
        7.884558611285231e-19,
        6.560682031470512e-23,
        1.6480982908960856e-27,
        1.2499128801463585e-32
      ],
      [
        8.76302606136444e-11,
        7.532087815347038e-09,
        1.9545156914401767e-07,
        1.5311772343445917e-06,
