{"benchmark_category": "chemistry", "problem_type": "hydrogen_lattice_vqe", "instance_name": "h004_chain_0_75", "num_qubits": 4, "solution_algorithms": ["vqe_puccd"], "data": {"geometry": [["H", 0.0, 0.0, -1.125], ["H", 0.0, 0.0, -0.375], ["H", 0.0, 0.0, 0.375], ["H", 0.0, 0.0, 1.125]], "description": "H4 1D chain, 0.75 Angstroms", "basis": "sto-3g", "mapper": "PairedElectron", "hf_energy": -2.103290822999875, "nuclear_repulsion_energy": 3.05746832976, "num_spatial_orbitals": 4, "num_alpha": 2, "num_beta": 2, "paired_hamiltonian_dict": {"IIII": 1.1610463585337867, "IIIZ": 0.46311736671693143, "IIZI": 0.17633824893825295, "IIZZ": 0.41767041700959606, "IIXX": 0.07753979440924325, "IIYY": 0.07753979440924325, "IZII": -0.3373899990890521, "IZIZ": 0.4603666761757787, "IXIX": 0.05351514360408641, "IYIY": 0.05351514360408641, "ZIII": -1.2490082184266216, "ZIIZ": 0.5578589157008822, "XIIX": 0.046564960084782156, "YIIY": 0.046564960084782156, "IZZI": 0.43762834388517974, "IXXI": 0.06947505415268776, "IYYI": 0.06947505415268776, "ZIZI": 0.4850700249629129, "XIXI": 0.050468741950268535, "YIYI": 0.050468741950268535, "ZZII": 0.48477019535235283, "XXII": 0.07864798061969479, "YYII": 0.07864798061969479}, "reference_energy_doci": -2.128804507986552, "reference_energy_fci": -2.1451106471862236, "optimizer_config": {"method": "L-BFGS-B", "options": {"maxiter": 1000000, "ftol": 1e-08}}, "recommended_minimum_shots_per_qc": 10000, "vqe_final_energy": -2.128800982844442, "optimal_parameters": [0.04741015899789343, 0.023334770409962517, 0.11177684033540447, 0.026202719789258658], "optimization_info": {"optimizer_method": "L-BFGS-B", "optimizer_options": {"maxiter": 1000000, "ftol": 1e-08}, "convergence_success": true, "optimizer_message": "CONVERGENCE: NORM OF PROJECTED GRADIENT <= PGTOL", "function_evaluations": 50, "circuits_per_evaluation": 1, "total_circuits": 50, "optimization_time_seconds": 0.1657416820526123, "simulation_mode": "exact_statevector", "primitive_version": "v1", "note": "Exact simulation using Qiskit Primitive v1"}}, "instance_id": "1ae77f23"}