{"benchmark_category": "chemistry", "problem_type": "hydrogen_lattice_vqe", "instance_name": "h004_chain_2_00", "num_qubits": 4, "solution_algorithms": ["vqe_puccd"], "data": {"geometry": [["H", 0.0, 0.0, -3.0], ["H", 0.0, 0.0, -1.0], ["H", 0.0, 0.0, 1.0], ["H", 0.0, 0.0, 3.0]], "description": "H4 1D chain, 2.00 Angstroms", "basis": "sto-3g", "mapper": "PairedElectron", "hf_energy": -1.5756164767013647, "nuclear_repulsion_energy": 1.14655062366, "num_spatial_orbitals": 4, "num_alpha": 2, "num_beta": 2, "paired_hamiltonian_dict": {"IIII": -0.7048680513402776, "IIIZ": 0.16323941749124543, "IIZI": 0.11268098636525475, "IIZZ": 0.23678483647845563, "IIXX": 0.08232171626134362, "IIYY": 0.08232171626134362, "IZII": 0.04015677052085968, "IZIZ": 0.25825474582151575, "IXIX": 0.06389067920158713, "IYIY": 0.06389067920158713, "ZIII": -0.03389082331650847, "ZIIZ": 0.3002772954106121, "XIIX": 0.061673478861297024, "YIIY": 0.061673478861297024, "IZZI": 0.2622031967581411, "IXXI": 0.07279563834823703, "IYYI": 0.07279563834823703, "ZIZI": 0.26442790833391294, "XIXI": 0.06598825518319641, "YIYI": 0.06598825518319641, "ZZII": 0.2472843411367888, "XXII": 0.08741856455783961, "YYII": 0.08741856455783961}, "reference_energy_doci": -1.6830339527260278, "reference_energy_fci": -1.8977806459898736, "optimizer_config": {"method": "L-BFGS-B", "options": {"maxiter": 1000000, "ftol": 1e-08}}, "recommended_minimum_shots_per_qc": 10000, "vqe_final_energy": -1.6811494816496826, "optimal_parameters": [0.054362477278505635, 0.23111430955027903, 0.42479327779156467, 0.05371971830308838], "optimization_info": {"optimizer_method": "L-BFGS-B", "optimizer_options": {"maxiter": 1000000, "ftol": 1e-08}, "convergence_success": true, "optimizer_message": "CONVERGENCE: NORM OF PROJECTED GRADIENT <= PGTOL", "function_evaluations": 50, "circuits_per_evaluation": 1, "total_circuits": 50, "optimization_time_seconds": 0.16788578033447266, "simulation_mode": "exact_statevector", "primitive_version": "v1", "note": "Exact simulation using Qiskit Primitive v1"}}, "instance_id": "c741084f"}