{"benchmark_category": "chemistry", "problem_type": "hydrogen_lattice_vqe", "instance_name": "h004_chain_1_75", "num_qubits": 4, "solution_algorithms": ["vqe_puccd"], "data": {"geometry": [["H", 0.0, 0.0, -2.625], ["H", 0.0, 0.0, -0.875], ["H", 0.0, 0.0, 0.875], ["H", 0.0, 0.0, 2.625]], "description": "H4 1D chain, 1.75 Angstroms", "basis": "sto-3g", "mapper": "PairedElectron", "hf_energy": -1.6919624114357616, "nuclear_repulsion_energy": 1.3103435698971428, "num_spatial_orbitals": 4, "num_alpha": 2, "num_beta": 2, "paired_hamiltonian_dict": {"IIII": -0.6376512090108641, "IIIZ": 0.19626497409880522, "IIZI": 0.12620035557243864, "IIZZ": 0.2556750574017871, "IIXX": 0.08063291443907408, "IIYY": 0.08063291443907408, "IZII": 0.019169940089153237, "IZIZ": 0.27949133462687525, "IXIX": 0.06053909721661564, "IYIY": 0.06053909721661564, "ZIII": -0.0980986323261086, "ZIIZ": 0.32965781252032256, "XIIX": 0.05847625631335517, "YIIY": 0.05847625631335517, "IZZI": 0.2816776622656054, "IXXI": 0.0716475323085934, "IYYI": 0.0716475323085934, "ZIZI": 0.2878608515824058, "XIXI": 0.06248444409803073, "YIYI": 0.06248444409803073, "ZZII": 0.27009542307672263, "XXII": 0.08604096211971866, "YYII": 0.08604096211971866}, "reference_energy_doci": -1.7758781618929387, "reference_energy_fci": -1.933507487504929, "optimizer_config": {"method": "L-BFGS-B", "options": {"maxiter": 1000000, "ftol": 1e-08}}, "recommended_minimum_shots_per_qc": 10000, "vqe_final_energy": -1.7748438844811398, "optimal_parameters": [0.08268761092705901, 0.14228092362893743, 0.32264810248022296, 0.0757941537378208], "optimization_info": {"optimizer_method": "L-BFGS-B", "optimizer_options": {"maxiter": 1000000, "ftol": 1e-08}, "convergence_success": true, "optimizer_message": "CONVERGENCE: NORM OF PROJECTED GRADIENT <= PGTOL", "function_evaluations": 50, "circuits_per_evaluation": 1, "total_circuits": 50, "optimization_time_seconds": 0.17545175552368164, "simulation_mode": "exact_statevector", "primitive_version": "v1", "note": "Exact simulation using Qiskit Primitive v1"}}, "instance_id": "da290370"}