{"benchmark_category": "chemistry", "problem_type": "hydrogen_lattice_vqe", "instance_name": "h004_chain_1_00", "num_qubits": 4, "solution_algorithms": ["vqe_puccd"], "data": {"geometry": [["H", 0.0, 0.0, -1.5], ["H", 0.0, 0.0, -0.5], ["H", 0.0, 0.0, 0.5], ["H", 0.0, 0.0, 1.5]], "description": "H4 1D chain, 1.00 Angstroms", "basis": "sto-3g", "mapper": "PairedElectron", "hf_energy": -2.098545936998007, "nuclear_repulsion_energy": 2.29310124732, "num_spatial_orbitals": 4, "num_alpha": 2, "num_beta": 2, "paired_hamiltonian_dict": {"IIII": 0.16836289116923275, "IIIZ": 0.36272970851176833, "IIZI": 0.17585290595798878, "IIZZ": 0.3572410584304898, "IIXX": 0.07869099294689318, "IIYY": 0.07869099294689318, "IZII": -0.15808819045443595, "IZIZ": 0.39207800924466885, "IXIX": 0.05391604062453741, "IYIY": 0.05391604062453741, "ZIII": -0.6692242729614444, "ZIIZ": 0.4744175449443448, "XIIX": 0.04853476746761361, "YIIY": 0.04853476746761361, "IZZI": 0.3791228072551039, "IXXI": 0.06864140004389324, "IYYI": 0.06864140004389324, "ZIZI": 0.4116226162451288, "XIXI": 0.05232264680785061, "YIYI": 0.05232264680785061, "ZZII": 0.39898616897715455, "XXII": 0.08123220949083337, "YYII": 0.08123220949083337}, "reference_energy_doci": -2.1339866710560136, "reference_energy_fci": -2.1663874486347643, "optimizer_config": {"method": "L-BFGS-B", "options": {"maxiter": 1000000, "ftol": 1e-08}}, "recommended_minimum_shots_per_qc": 10000, "vqe_final_energy": -2.133963938318124, "optimal_parameters": [0.0613236657566161, 0.03786165729145815, 0.1518945274341008, 0.039126504818400014], "optimization_info": {"optimizer_method": "L-BFGS-B", "optimizer_options": {"maxiter": 1000000, "ftol": 1e-08}, "convergence_success": true, "optimizer_message": "CONVERGENCE: RELATIVE REDUCTION OF F <= FACTR*EPSMCH", "function_evaluations": 40, "circuits_per_evaluation": 1, "total_circuits": 40, "optimization_time_seconds": 0.12719941139221191, "simulation_mode": "exact_statevector", "primitive_version": "v1", "note": "Exact simulation using Qiskit Primitive v1"}}, "instance_id": "ed9500cb"}