{"benchmark_category": "chemistry", "problem_type": "hydrogen_lattice_vqe", "instance_name": "h004_chain_1_50", "num_qubits": 4, "solution_algorithms": ["vqe_puccd"], "data": {"geometry": [["H", 0.0, 0.0, -2.25], ["H", 0.0, 0.0, -0.75], ["H", 0.0, 0.0, 0.75], ["H", 0.0, 0.0, 2.25]], "description": "H4 1D chain, 1.50 Angstroms", "basis": "sto-3g", "mapper": "PairedElectron", "hf_energy": -1.8291374124430226, "nuclear_repulsion_energy": 1.52873416488, "num_spatial_orbitals": 4, "num_alpha": 2, "num_beta": 2, "paired_hamiltonian_dict": {"IIII": -0.5159005334874125, "IIIZ": 0.2386799291625419, "IIZI": 0.1425616088100582, "IIZZ": 0.28038311444955133, "IIXX": 0.07949133130972123, "IIYY": 0.07949133130972123, "IZII": -0.013791433996967195, "IZIZ": 0.3070213686790185, "IXIX": 0.05755789046555818, "IYIY": 0.05755789046555818, "ZIII": -0.2012478443025521, "ZIIZ": 0.36636452090267696, "XIIX": 0.05498059947610251, "YIIY": 0.05498059947610251, "IZZI": 0.3060827591007529, "IXXI": 0.0703571267974963, "IYYI": 0.0703571267974963, "ZIZI": 0.31822560200646266, "XIXI": 0.05889683558030123, "YIYI": 0.05889683558030123, "ZZII": 0.300355073555869, "XXII": 0.0846942225445593, "YYII": 0.0846942225445593}, "reference_energy_doci": -1.893299559261989, "reference_energy_fci": -1.996150325518808, "optimizer_config": {"method": "L-BFGS-B", "options": {"maxiter": 1000000, "ftol": 1e-08}}, "recommended_minimum_shots_per_qc": 10000, "vqe_final_energy": -1.8929302104605057, "optimal_parameters": [0.08251884168011142, 0.09118151584774624, 0.253587671037817, 0.06887914275195664], "optimization_info": {"optimizer_method": "L-BFGS-B", "optimizer_options": {"maxiter": 1000000, "ftol": 1e-08}, "convergence_success": true, "optimizer_message": "CONVERGENCE: NORM OF PROJECTED GRADIENT <= PGTOL", "function_evaluations": 40, "circuits_per_evaluation": 1, "total_circuits": 40, "optimization_time_seconds": 0.1313626766204834, "simulation_mode": "exact_statevector", "primitive_version": "v1", "note": "Exact simulation using Qiskit Primitive v1"}}, "instance_id": "5d95dc4c"}