{"benchmark_category": "chemistry", "problem_type": "hydrogen_lattice_vqe", "instance_name": "h004_chain_1_25", "num_qubits": 4, "solution_algorithms": ["vqe_puccd"], "data": {"geometry": [["H", 0.0, 0.0, -1.875], ["H", 0.0, 0.0, -0.625], ["H", 0.0, 0.0, 0.625], ["H", 0.0, 0.0, 1.875]], "description": "H4 1D chain, 1.25 Angstroms", "basis": "sto-3g", "mapper": "PairedElectron", "hf_energy": -1.9757006727905855, "nuclear_repulsion_energy": 1.834480997856, "num_spatial_orbitals": 4, "num_alpha": 2, "num_beta": 2, "paired_hamiltonian_dict": {"IIII": -0.28581857721611104, "IIIZ": 0.2924774169550181, "IIZI": 0.16053552690237702, "IIZZ": 0.3131305573650268, "IIXX": 0.07894723179680672, "IIYY": 0.07894723179680672, "IZII": -0.0670881647763786, "IZIZ": 0.3432412252494252, "IXIX": 0.055251720769631925, "IYIY": 0.055251720769631925, "ZIII": -0.3722017049862222, "ZIIZ": 0.4132825602920108, "XIIX": 0.05149206454911915, "YIIY": 0.05149206454911915, "IZZI": 0.3374060294503117, "IXXI": 0.0692272178648127, "IYYI": 0.0692272178648127, "ZIZI": 0.35814807647414904, "XIXI": 0.05536590308287403, "YIYI": 0.05536590308287403, "ZZII": 0.3413680521463933, "XXII": 0.08321407042048275, "YYII": 0.08321407042048275}, "reference_energy_doci": -2.0237611174884824, "reference_energy_fci": -2.0839356356450685, "optimizer_config": {"method": "L-BFGS-B", "options": {"maxiter": 1000000, "ftol": 1e-08}}, "recommended_minimum_shots_per_qc": 10000, "vqe_final_energy": -2.023658424552091, "optimal_parameters": [0.07331728836358707, 0.05903181125488293, 0.19834303510061813, 0.054080292971818184], "optimization_info": {"optimizer_method": "L-BFGS-B", "optimizer_options": {"maxiter": 1000000, "ftol": 1e-08}, "convergence_success": true, "optimizer_message": "CONVERGENCE: NORM OF PROJECTED GRADIENT <= PGTOL", "function_evaluations": 40, "circuits_per_evaluation": 1, "total_circuits": 40, "optimization_time_seconds": 0.1315627098083496, "simulation_mode": "exact_statevector", "primitive_version": "v1", "note": "Exact simulation using Qiskit Primitive v1"}}, "instance_id": "67a118f7"}