{"benchmark_category": "chemistry", "problem_type": "hydrogen_lattice_vqe", "instance_name": "h006_chain_1_50", "num_qubits": 6, "solution_algorithms": ["vqe_puccd"], "data": {"geometry": [["H", 0.0, 0.0, -3.75], ["H", 0.0, 0.0, -2.25], ["H", 0.0, 0.0, -0.75], ["H", 0.0, 0.0, 0.75], ["H", 0.0, 0.0, 2.25], ["H", 0.0, 0.0, 3.75]], "description": "H6 1D chain, 1.50 Angstroms", "basis": "sto-3g", "mapper": "PairedElectron", "hf_energy": -2.7501500441838935, "nuclear_repulsion_energy": 3.069227823336, "num_spatial_orbitals": 6, "num_alpha": 3, "num_beta": 3, "paired_hamiltonian_dict": {"IIIIII": -0.8561195110567221, "IIIIIZ": 0.25221441700671526, "IIIIZI": 0.20370709670122028, "IIIIZZ": 0.20835948355106299, "IIIIXX": 0.06093229228726111, "IIIIYY": 0.06093229228726111, "IIIZII": 0.12057320950380024, "IIIZIZ": 0.2431129636981401, "IIIXIX": 0.05327334823219602, "IIIYIY": 0.05327334823219602, "IIZIII": 0.009741749928993598, "IIZIIZ": 0.2565134828524472, "IIXIIX": 0.042852558495051186, "IIYIIY": 0.042852558495051186, "IZIIII": -0.12327949144012446, "IZIIIZ": 0.24879633053433828, "IXIIIX": 0.028672446868130145, "IYIIIY": 0.028672446868130145, "ZIIIII": -0.2494542847473446, "ZIIIIZ": 0.3167511817540276, "XIIIIX": 0.03957052738616708, "YIIIIY": 0.03957052738616708, "IIIZZI": 0.21490084612100624, "IIIXXI": 0.058678179284811685, "IIIYYI": 0.058678179284811685, "IIZIZI": 0.23403488506882494, "IIXIXI": 0.04142798399940979, "IIYIYI": 0.04142798399940979, "IZIIZI": 0.26785514191282, "IXIIXI": 0.050036494239381044, "IYIIYI": 0.050036494239381044, "ZIIIZI": 0.2540021973577742, "XIIIXI": 0.02902736483413629, "YIIIYI": 0.02902736483413629, "IIZZII": 0.24724523029168544, "IIXXII": 0.05174875344648639, "IIYYII": 0.05174875344648639, "IZIZII": 0.23993251804709778, "IXIXII": 0.04241215592328292, "IYIYII": 0.04241215592328292, "ZIIZII": 0.26806324272919535, "XIIXII": 0.04413236621039456, "YIIYII": 0.04413236621039456, "IZZIII": 0.22542210221129014, "IXXIII": 0.06087270891810452, "IYYIII": 0.06087270891810452, "ZIZIII": 0.2598874918964324, "XIXIII": 0.05707904692173387, "YIYIII": 0.05707904692173387, "ZZIIII": 0.22696753941331987, "XXIIII": 0.06893669711130929, "YYIIII": 0.06893669711130929}, "reference_energy_doci": -2.808057783246375, "reference_energy_fci": -2.9955654258319413, "optimizer_config": {"method": "L-BFGS-B", "options": {"maxiter": 1000000, "ftol": 1e-08}}, "recommended_minimum_shots_per_qc": 10000, "vqe_final_energy": -2.8078601972017414, "optimal_parameters": [0.06628339685332828, 0.024710200033505204, 0.052389466101696355, 0.05861472399485261, 0.09543933345127206, 0.02240198731332897, 0.20995043063714153, 0.05394900397293267, 0.05101630176952986], "optimization_info": {"optimizer_method": "L-BFGS-B", "optimizer_options": {"maxiter": 1000000, "ftol": 1e-08}, "convergence_success": true, "optimizer_message": "CONVERGENCE: RELATIVE REDUCTION OF F <= FACTR*EPSMCH", "function_evaluations": 110, "circuits_per_evaluation": 1, "total_circuits": 110, "optimization_time_seconds": 0.7331132888793945, "simulation_mode": "exact_statevector", "primitive_version": "v1", "note": "Exact simulation using Qiskit Primitive v1"}}, "instance_id": "46f4461e"}