{"benchmark_category": "chemistry", "problem_type": "hydrogen_lattice_vqe", "instance_name": "h006_chain_1_00", "num_qubits": 6, "solution_algorithms": ["vqe_puccd"], "data": {"geometry": [["H", 0.0, 0.0, -2.5], ["H", 0.0, 0.0, -1.5], ["H", 0.0, 0.0, -0.5], ["H", 0.0, 0.0, 0.5], ["H", 0.0, 0.0, 1.5], ["H", 0.0, 0.0, 2.5]], "description": "H6 1D chain, 1.00 Angstroms", "basis": "sto-3g", "mapper": "PairedElectron", "hf_energy": -3.135532213966325, "nuclear_repulsion_energy": 4.603841735004002, "num_spatial_orbitals": 6, "num_alpha": 3, "num_beta": 3, "paired_hamiltonian_dict": {"IIIIII": 0.29692707112282224, "IIIIIZ": 0.3804618642572043, "IIIIZI": 0.29167327587637076, "IIIIZZ": 0.2802502293867608, "IIIIXX": 0.06660038615123998, "IIIIYY": 0.06660038615123998, "IIIZII": 0.12393530779544279, "IIIZIZ": 0.3129602049206705, "IIIXIX": 0.051352242487452085, "IIIYIY": 0.051352242487452085, "IIZIII": -0.11867373566760056, "IIZIIZ": 0.3310799469102037, "IIXIIX": 0.039661818000111905, "IIYIIY": 0.039661818000111905, "IZIIII": -0.45360130694714274, "IZIIIZ": 0.33810606317114905, "IXIIIX": 0.02774990761179919, "IYIIIY": 0.02774990761179919, "ZIIIII": -0.8474211983768872, "ZIIIIZ": 0.42411916592477417, "XIIIIX": 0.034562766198193366, "YIIIIY": 0.034562766198193366, "IIIZZI": 0.28340578386333404, "IIIXXI": 0.06325274137312367, "IIIYYI": 0.06325274137312367, "IIZIZI": 0.30795685540687157, "IIXIXI": 0.043310040255471145, "IIYIYI": 0.043310040255471145, "IZIIZI": 0.34296632516337, "IXIIXI": 0.04278203511492045, "IYIIYI": 0.04278203511492045, "ZIIIZI": 0.3457755020293317, "XIIIXI": 0.026217984451762655, "YIIIYI": 0.026217984451762655, "IIZZII": 0.3106212655623124, "IIXXII": 0.054064474715418843, "IIYYII": 0.054064474715418843, "IZIZII": 0.3188957137903945, "IXIXII": 0.04311574743977257, "IYIYII": 0.04311574743977257, "ZIIZII": 0.35409568859773755, "XIIXII": 0.03886225460626365, "YIIYII": 0.03886225460626365, "IZZIII": 0.3059030288796202, "IXXIII": 0.06449122289810744, "IYYIII": 0.06449122289810744, "ZIZIII": 0.3493199731542741, "XIXIII": 0.054021712985304934, "YIYIII": 0.054021712985304934, "ZZIIII": 0.32508471018298857, "XXIIII": 0.07732808481446808, "YYIIII": 0.07732808481446808}, "reference_energy_doci": -3.170861321033625, "reference_energy_fci": -3.236066279892345, "optimizer_config": {"method": "L-BFGS-B", "options": {"maxiter": 1000000, "ftol": 1e-08}}, "recommended_minimum_shots_per_qc": 10000, "vqe_final_energy": -3.1708376389869875, "optimal_parameters": [0.04144915111670972, 0.018477496622026007, 0.021850053423745026, 0.05345998347327233, 0.04038118067525317, 0.013233210243180277, 0.14061559461073228, 0.04125853447647694, 0.02381632532457011], "optimization_info": {"optimizer_method": "L-BFGS-B", "optimizer_options": {"maxiter": 1000000, "ftol": 1e-08}, "convergence_success": true, "optimizer_message": "CONVERGENCE: RELATIVE REDUCTION OF F <= FACTR*EPSMCH", "function_evaluations": 100, "circuits_per_evaluation": 1, "total_circuits": 100, "optimization_time_seconds": 0.5283212661743164, "simulation_mode": "exact_statevector", "primitive_version": "v1", "note": "Exact simulation using Qiskit Primitive v1"}}, "instance_id": "db898c31"}