{"benchmark_category": "chemistry", "problem_type": "hydrogen_lattice_vqe", "instance_name": "h006_chain_0_75", "num_qubits": 6, "solution_algorithms": ["vqe_puccd"], "data": {"geometry": [["H", 0.0, 0.0, -1.875], ["H", 0.0, 0.0, -1.125], ["H", 0.0, 0.0, -0.375], ["H", 0.0, 0.0, 0.375], ["H", 0.0, 0.0, 1.125], ["H", 0.0, 0.0, 1.875]], "description": "H6 1D chain, 0.75 Angstroms", "basis": "sto-3g", "mapper": "PairedElectron", "hf_energy": -3.091697264039837, "nuclear_repulsion_energy": 6.138455646672, "num_spatial_orbitals": 6, "num_alpha": 3, "num_beta": 3, "paired_hamiltonian_dict": {"IIIIII": 2.0836535381225723, "IIIIIZ": 0.4816690897097569, "IIIIZI": 0.3453117011530603, "IIIIZZ": 0.34062137031126094, "IIIIXX": 0.06877475496390474, "IIIIYY": 0.06877475496390474, "IIIZII": 0.08367429715935565, "IIIZIZ": 0.3706594188460349, "IIIXIX": 0.049725470245425216, "IIIYIY": 0.049725470245425216, "IIZIII": -0.3014035199425047, "IIZIIZ": 0.39491456433491534, "IIXIIX": 0.03870150959965441, "IIYIIY": 0.03870150959965441, "IZIIII": -0.870577883449272, "IZIIIZ": 0.41658723246519436, "IXIIIX": 0.028524603172903878, "IYIIIY": 0.028524603172903878, "ZIIIII": -1.669146932510703, "ZIIIIZ": 0.5144905451494539, "XIIIIX": 0.032690348792511224, "YIIIIY": 0.032690348792511224, "IIIZZI": 0.33925530008432747, "IIIXXI": 0.06689091131339829, "IIIYYI": 0.06689091131339829, "IIZIZI": 0.3695661069201577, "IIXIXI": 0.0455783737450173, "IIYIYI": 0.0455783737450173, "IZIIZI": 0.40734592872380293, "IXIIXI": 0.04072190572579808, "IYIIYI": 0.04072190572579808, "ZIIIZI": 0.4230278236293137, "XIIIXI": 0.025612559267344976, "YIIIYI": 0.025612559267344976, "IIZZII": 0.36588114456118076, "IIXXII": 0.05778503251665779, "IIYYII": 0.05778503251665779, "IZIZII": 0.38521518713739444, "IXIXII": 0.04496406278499315, "IYIYII": 0.04496406278499315, "ZIIZII": 0.4273928344123298, "XIIXII": 0.03731596495550829, "YIIYII": 0.03731596495550829, "IZZIII": 0.3772192056394575, "IXXIII": 0.0677569689834243, "IYYIII": 0.0677569689834243, "ZIZIII": 0.4312767705084567, "XIXIII": 0.05352565753290716, "YIYIII": 0.05352565753290716, "ZZIIII": 0.42182192370645344, "XXIIII": 0.08305304170102382, "YYIIII": 0.08305304170102382}, "reference_energy_doci": -3.119094151639029, "reference_energy_fci": -3.15530480047652, "optimizer_config": {"method": "L-BFGS-B", "options": {"maxiter": 1000000, "ftol": 1e-08}}, "recommended_minimum_shots_per_qc": 10000, "vqe_final_energy": -3.119088424395674, "optimal_parameters": [0.030350407517673064, 0.014411809287256489, 0.012736009337090355, 0.04467010596554466, 0.025546616820453227, 0.008814394599894772, 0.11041987089208888, 0.03180958104535367, 0.01468106477288306], "optimization_info": {"optimizer_method": "L-BFGS-B", "optimizer_options": {"maxiter": 1000000, "ftol": 1e-08}, "convergence_success": true, "optimizer_message": "CONVERGENCE: RELATIVE REDUCTION OF F <= FACTR*EPSMCH", "function_evaluations": 120, "circuits_per_evaluation": 1, "total_circuits": 120, "optimization_time_seconds": 0.6500179767608643, "simulation_mode": "exact_statevector", "primitive_version": "v1", "note": "Exact simulation using Qiskit Primitive v1"}}, "instance_id": "c275e94f"}