{"benchmark_category": "chemistry", "problem_type": "hydrogen_lattice_vqe", "instance_name": "h006_chain_1_25", "num_qubits": 6, "solution_algorithms": ["vqe_puccd"], "data": {"geometry": [["H", 0.0, 0.0, -3.125], ["H", 0.0, 0.0, -1.875], ["H", 0.0, 0.0, -0.625], ["H", 0.0, 0.0, 0.625], ["H", 0.0, 0.0, 1.875], ["H", 0.0, 0.0, 3.125]], "description": "H6 1D chain, 1.25 Angstroms", "basis": "sto-3g", "mapper": "PairedElectron", "hf_energy": -2.9662018614290657, "nuclear_repulsion_energy": 3.6830733880032005, "num_spatial_orbitals": 6, "num_alpha": 3, "num_beta": 3, "paired_hamiltonian_dict": {"IIIIII": -0.47814841049989576, "IIIIIZ": 0.30837825477373215, "IIIIZI": 0.2441696461643493, "IIIIZZ": 0.23861607998814366, "IIIIXX": 0.06368802299080642, "IIIIYY": 0.06368802299080642, "IIIZII": 0.12770658573388927, "IIIZIZ": 0.27245107596421403, "IIIXIX": 0.052229106561907414, "IIIYIY": 0.052229106561907414, "IIZIII": -0.035227670846189635, "IIZIIZ": 0.2876742865406849, "IIXIIX": 0.040950329243520975, "IIYIIY": 0.040950329243520975, "IZIIII": -0.2441031658427014, "IZIIIZ": 0.2861438978737961, "IXIIIX": 0.02787030350506758, "IYIIIY": 0.02787030350506758, "ZIIIII": -0.4611892446544718, "ZIIIIZ": 0.36212329422279754, "XIIIIX": 0.03687222250129558, "YIIIIY": 0.03687222250129558, "IIIZZI": 0.24402593135077869, "IIIXXI": 0.060512775430295186, "IIIYYI": 0.060512775430295186, "IIZIZI": 0.26531083092977814, "IIXIXI": 0.04202083356188025, "IIYIYI": 0.04202083356188025, "IZIIZI": 0.29942370458374845, "IXIIXI": 0.04606950096444417, "IYIIYI": 0.04606950096444417, "ZIIIZI": 0.292802129488798, "XIIIXI": 0.02749505658039565, "YIIIYI": 0.02749505658039565, "IIZZII": 0.27362662944396765, "IIXXII": 0.05241750004952104, "IIYYII": 0.05241750004952104, "IZIZII": 0.2732344910038309, "IXIXII": 0.042464474286469135, "IYIYII": 0.042464474286469135, "ZIIZII": 0.3040438739567617, "XIIXII": 0.041362724624963376, "YIIYII": 0.041362724624963376, "IZZIII": 0.25897925890624135, "IXXIII": 0.06238376016321579, "IYYIII": 0.06238376016321579, "ZIZIII": 0.2965293222639565, "XIXIII": 0.0555184578664012, "YIYIII": 0.0555184578664012, "ZZIIII": 0.266502586656991, "XXIIII": 0.07291385582915666, "YYIIII": 0.07291385582915666}, "reference_energy_doci": -3.011370147718808, "reference_energy_fci": -3.1249867243226426, "optimizer_config": {"method": "L-BFGS-B", "options": {"maxiter": 1000000, "ftol": 1e-08}}, "recommended_minimum_shots_per_qc": 10000, "vqe_final_energy": -3.0112963474208514, "optimal_parameters": [0.05294087965543747, 0.02203812078502127, 0.034434299327715974, 0.05834338189548268, 0.06228245113449655, 0.01799359824613791, 0.17306991330157268, 0.049284671119927105, 0.0357803872379474], "optimization_info": {"optimizer_method": "L-BFGS-B", "optimizer_options": {"maxiter": 1000000, "ftol": 1e-08}, "convergence_success": true, "optimizer_message": "CONVERGENCE: RELATIVE REDUCTION OF F <= FACTR*EPSMCH", "function_evaluations": 100, "circuits_per_evaluation": 1, "total_circuits": 100, "optimization_time_seconds": 0.423236608505249, "simulation_mode": "exact_statevector", "primitive_version": "v1", "note": "Exact simulation using Qiskit Primitive v1"}}, "instance_id": "521fa237"}