{"benchmark_category": "chemistry", "problem_type": "hydrogen_lattice_vqe", "instance_name": "h006_chain_1_75", "num_qubits": 6, "solution_algorithms": ["vqe_puccd"], "data": {"geometry": [["H", 0.0, 0.0, -4.375], ["H", 0.0, 0.0, -2.625], ["H", 0.0, 0.0, -0.875], ["H", 0.0, 0.0, 0.875], ["H", 0.0, 0.0, 2.625], ["H", 0.0, 0.0, 4.375]], "description": "H6 1D chain, 1.75 Angstroms", "basis": "sto-3g", "mapper": "PairedElectron", "hf_energy": -2.544302180294899, "nuclear_repulsion_energy": 2.630766705716571, "num_spatial_orbitals": 6, "num_alpha": 3, "num_beta": 3, "paired_hamiltonian_dict": {"IIIIII": -1.04858510501208, "IIIIIZ": 0.20720935712145372, "IIIIZI": 0.1704690424664303, "IIIIZZ": 0.18559998692858282, "IIIIXX": 0.05864056435130545, "IIIIYY": 0.05864056435130545, "IIIZII": 0.1110895862025824, "IIIZIZ": 0.22127873064096376, "IIIXIX": 0.054714711027531594, "IIIYIY": 0.054714711027531594, "IIZIII": 0.035897538993232614, "IIZIIZ": 0.23326085266985172, "IIXIIX": 0.04524585344889729, "IIYIIY": 0.04524585344889729, "IZIIII": -0.04977946994306408, "IZIIIZ": 0.22058489623434424, "IXIIIX": 0.02979265195062934, "IYIIIY": 0.02979265195062934, "ZIIIII": -0.12565378488607448, "ZIIIIZ": 0.28253903961110843, "XIIIIX": 0.042346303263314976, "YIIIIY": 0.042346303263314976, "IIIZZI": 0.19259167881344869, "IIIXXI": 0.05756267625893724, "IIIYYI": 0.05756267625893724, "IIZIZI": 0.21017181559372233, "IIXIXI": 0.041276539695494614, "IIYIYI": 0.041276539695494614, "IZIIZI": 0.2442376036391867, "IXIIXI": 0.05425859564367705, "IYIIYI": 0.05425859564367705, "ZIIIZI": 0.22452009600274161, "XIIIXI": 0.030517224171930823, "YIIIYI": 0.030517224171930823, "IIZZII": 0.22745649758601752, "IIXXII": 0.051627859037937485, "IIYYII": 0.051627859037937485, "IZIZII": 0.2146127778761432, "IXIXII": 0.042550362358298996, "IYIYII": 0.042550362358298996, "ZIIZII": 0.24138287800215355, "XIIXII": 0.04692140016068294, "YIIYII": 0.04692140016068294, "IZZIII": 0.2000994945308386, "IXXIII": 0.05974437704268001, "IYYIII": 0.05974437704268001, "ZIZIII": 0.2332912802137603, "XIXIII": 0.0586528297460756, "YIYIII": 0.0586528297460756, "ZZIIII": 0.19849191243122666, "XXIIII": 0.06552784490841293, "YYIIII": 0.06552784490841293}, "reference_energy_doci": -2.618444885521683, "reference_energy_fci": -2.9013001504719815, "optimizer_config": {"method": "L-BFGS-B", "options": {"maxiter": 1000000, "ftol": 1e-08}}, "recommended_minimum_shots_per_qc": 10000, "vqe_final_energy": -2.6179748961136804, "optimal_parameters": [0.0819641878163331, 0.02482480716402661, 0.07813087742776967, 0.05173703620501422, 0.14537543733820446, 0.024382892872436432, 0.25282342635426325, 0.05119357273105588, 0.06945705866640606], "optimization_info": {"optimizer_method": "L-BFGS-B", "optimizer_options": {"maxiter": 1000000, "ftol": 1e-08}, "convergence_success": true, "optimizer_message": "CONVERGENCE: RELATIVE REDUCTION OF F <= FACTR*EPSMCH", "function_evaluations": 110, "circuits_per_evaluation": 1, "total_circuits": 110, "optimization_time_seconds": 0.46900343894958496, "simulation_mode": "exact_statevector", "primitive_version": "v1", "note": "Exact simulation using Qiskit Primitive v1"}}, "instance_id": "e36e7672"}