{"benchmark_category": "chemistry", "problem_type": "hydrogen_lattice_vqe", "instance_name": "h006_chain_2_00", "num_qubits": 6, "solution_algorithms": ["vqe_puccd"], "data": {"geometry": [["H", 0.0, 0.0, -5.0], ["H", 0.0, 0.0, -3.0], ["H", 0.0, 0.0, -1.0], ["H", 0.0, 0.0, 1.0], ["H", 0.0, 0.0, 3.0], ["H", 0.0, 0.0, 5.0]], "description": "H6 1D chain, 2.00 Angstroms", "basis": "sto-3g", "mapper": "PairedElectron", "hf_energy": -2.3684212842825962, "nuclear_repulsion_energy": 2.301920867502001, "num_spatial_orbitals": 6, "num_alpha": 3, "num_beta": 3, "paired_hamiltonian_dict": {"IIIIII": -1.1497842639041942, "IIIIIZ": 0.17174226211865462, "IIIIZI": 0.14417893170805235, "IIIIZZ": 0.167980753730232, "IIIIXX": 0.05680772964496865, "IIIIYY": 0.05680772964496865, "IIIZII": 0.10216516373625956, "IIIZIZ": 0.20471760306864184, "IIIXIX": 0.05651805753009149, "IIIYIY": 0.05651805753009149, "IIZIII": 0.05176240859107857, "IIZIIZ": 0.2155189819578376, "IIXIIX": 0.04794338224439717, "IIYIIY": 0.04794338224439717, "IZIIII": -0.0035111404220803666, "IZIIIZ": 0.19853588666756125, "IXIIIX": 0.030993845176842012, "IYIIIY": 0.030993845176842012, "ZIIIII": -0.05025339305220958, "ZIIIIZ": 0.25590133132724446, "XIIIIX": 0.0449702047586023, "YIIIIY": 0.0449702047586023, "IIIZZI": 0.1749942033416324, "IIIXXI": 0.05688540979736076, "IIIYYI": 0.05688540979736076, "IIZIZI": 0.19140515159835716, "IIXIXI": 0.04128759022491026, "IIYIYI": 0.04128759022491026, "IZIIZI": 0.22618798555105118, "IXIIXI": 0.05849451620277721, "IYIIYI": 0.05849451620277721, "ZIIIZI": 0.20147679328539736, "XIIIXI": 0.031877049815677176, "YIIIYI": 0.031877049815677176, "IIZZII": 0.2121615323138714, "IIXXII": 0.05177256685419882, "IIYYII": 0.05177256685419882, "IZIZII": 0.19475663800207213, "IXIXII": 0.04264687037557175, "IYIYII": 0.04264687037557175, "ZIIZII": 0.22114041762594003, "XIIXII": 0.049671074848649244, "YIIYII": 0.049671074848649244, "IZZIII": 0.18029712462953645, "IXXIII": 0.05878509164378566, "IYYIII": 0.05878509164378566, "ZIZIII": 0.2134365196091936, "XIXIII": 0.060274079432577655, "YIYIII": 0.060274079432577655, "ZZIIII": 0.1771099760178708, "XXIIII": 0.06264159251675949, "YYIIII": 0.06264159251675949}, "reference_energy_doci": -2.4631579292937404, "reference_energy_fci": -2.8471921339556028, "optimizer_config": {"method": "L-BFGS-B", "options": {"maxiter": 1000000, "ftol": 1e-08}}, "recommended_minimum_shots_per_qc": 10000, "vqe_final_energy": -2.4621190325800866, "optimal_parameters": [0.09858761398712108, 0.0193811607783973, 0.11638521952275956, 0.034097439555168786, 0.21920316991373953, 0.020454388504721845, 0.30556358788256693, 0.03642651376230527, 0.08993330517246573], "optimization_info": {"optimizer_method": "L-BFGS-B", "optimizer_options": {"maxiter": 1000000, "ftol": 1e-08}, "convergence_success": true, "optimizer_message": "CONVERGENCE: RELATIVE REDUCTION OF F <= FACTR*EPSMCH", "function_evaluations": 110, "circuits_per_evaluation": 1, "total_circuits": 110, "optimization_time_seconds": 0.48487114906311035, "simulation_mode": "exact_statevector", "primitive_version": "v1", "note": "Exact simulation using Qiskit Primitive v1"}}, "instance_id": "2b4e1a12"}