{"benchmark_category": "chemistry", "problem_type": "hydrogen_lattice_vqe", "instance_name": "h008_chain_2_00", "num_qubits": 8, "solution_algorithms": ["vqe_puccd"], "data": {"geometry": [["H", 0.0, 0.0, -7.0], ["H", 0.0, 0.0, -5.0], ["H", 0.0, 0.0, -3.0], ["H", 0.0, 0.0, -1.0], ["H", 0.0, 0.0, 1.0], ["H", 0.0, 0.0, 3.0], ["H", 0.0, 0.0, 5.0], ["H", 0.0, 0.0, 7.0]], "description": "H8 1D chain, 2.00 Angstroms", "basis": "sto-3g", "mapper": "PairedElectron", "hf_energy": -3.1614329658142686, "nuclear_repulsion_energy": 3.6362034064645727, "num_spatial_orbitals": 8, "num_alpha": 4, "num_beta": 4, "paired_hamiltonian_dict": {"IIIIIIII": -1.6310280493786364, "IIIIIIIZ": 0.17524785417193803, "IIIIIIZI": 0.1584972401771505, "IIIIIIZZ": 0.14124437392179096, "IIIIIIXX": 0.051771671573267175, "IIIIIIYY": 0.051771671573267175, "IIIIIZII": 0.1306760802368814, "IIIIIZIZ": 0.14755897517624977, "IIIIIXIX": 0.03927745069941442, "IIIIIYIY": 0.03927745069941442, "IIIIZIII": 0.09607027643431353, "IIIIZIIZ": 0.18139146014335963, "IIIIXIIX": 0.04356686717293358, "IIIIYIIY": 0.04356686717293358, "IIIZIIII": 0.05821717146559216, "IIIZIIIZ": 0.187837680807174, "IIIXIIIX": 0.0388150732910778, "IIIYIIIY": 0.0388150732910778, "IIZIIIII": 0.015442760777627518, "IIZIIIIZ": 0.16589445836325162, "IIXIIIIX": 0.024858674930998876, "IIYIIIIY": 0.024858674930998876, "IZIIIIII": -0.026836476105561335, "IZIIIIIZ": 0.17297577351733626, "IXIIIIIX": 0.02416887332159274, "IYIIIIIY": 0.02416887332159274, "ZIIIIIII": -0.057420411710975255, "ZIIIIIIZ": 0.22282990254690796, "XIIIIIIX": 0.03520334826586104, "YIIIIIIY": 0.03520334826586104, "IIIIIZZI": 0.15028281162365423, "IIIIIXXI": 0.053290947407343234, "IIIIIYYI": 0.053290947407343234, "IIIIZIZI": 0.15606489669239182, "IIIIXIXI": 0.04032212392151259, "IIIIYIYI": 0.04032212392151259, "IIIZIIZI": 0.16457479153847726, "IIIXIIXI": 0.03254606119278359, "IIIYIIYI": 0.03254606119278359, "IIZIIIZI": 0.17123492714910957, "IIXIIIXI": 0.034980254118029415, "IIYIIIYI": 0.034980254118029415, "IZIIIIZI": 0.19084729502289507, "IXIIIIXI": 0.03584385802870406, "IYIIIIYI": 0.03584385802870406, "ZIIIIIZI": 0.17529924602747043, "XIIIIIXI": 0.024817050817854014, "YIIIIIYI": 0.024817050817854014, "IIIIZZII": 0.1443653542393626, "IIIIXXII": 0.047414678472931966, "IIIIYYII": 0.047414678472931966, "IIIZIZII": 0.15980473427914355, "IIIXIXII": 0.03225089598775862, "IIIYIYII": 0.03225089598775862, "IIZIIZII": 0.17917353729973884, "IIXIIXII": 0.04278401737329877, "IIYIIYII": 0.04278401737329877, "IZIIIZII": 0.1738938587674729, "IXIIIXII": 0.036043992480329856, "IYIIIYII": 0.036043992480329856, "ZIIIIZII": 0.16822516427820994, "XIIIIXII": 0.025491261345862645, "YIIIIYII": 0.025491261345862645, "IIIZZIII": 0.18284049955856813, "IIIXXIII": 0.04006405983073566, "IIIYYIII": 0.04006405983073566, "IIZIZIII": 0.16227387052004158, "IIXIXIII": 0.033304722360754574, "IIYIYIII": 0.033304722360754574, "IZIIZIII": 0.16786130277034747, "IXIIXIII": 0.033675356441437036, "IYIIYIII": 0.033675356441437036, "ZIIIZIII": 0.1927596926729908, "XIIIXIII": 0.04030122385436139, "YIIIYIII": 0.04030122385436139, "IIZZIIII": 0.14808379100420294, "IIXXIIII": 0.048583394699526744, "IIYYIIII": 0.048583394699526744, "IZIZIIII": 0.1607194540980625, "IXIXIIII": 0.04202979328136808, "IYIYIIII": 0.04202979328136808, "ZIIZIIII": 0.18872505067967318, "XIIXIIII": 0.04644537506862415, "YIIYIIII": 0.04644537506862415, "IZZIIIII": 0.15679182288535998, "IXXIIIII": 0.05671294792124705, "IYYIIIII": 0.05671294792124705, "ZIZIIIII": 0.15518363581159045, "XIXIIIII": 0.04352729264582094, "YIYIIIII": 0.04352729264582094, "ZZIIIIII": 0.14859859900140898, "XXIIIIII": 0.05728621458927697, "YYIIIIII": 0.05728621458927697}, "reference_energy_doci": -3.2413200840268757, "reference_energy_fci": -3.796693450436694, "optimizer_config": {"method": "L-BFGS-B", "options": {"maxiter": 1000000, "ftol": 1e-08}}, "recommended_minimum_shots_per_qc": 10000, "vqe_final_energy": -3.240783071133431, "optimal_parameters": [0.09011396060080774, 0.023364766239906465, 0.021927027640688306, 0.07435884651601962, 0.0484159948518962, 0.06669731307426656, 0.0795955914875754, 0.022932090806694682, 0.03687184661363254, 0.14144619491076907, 0.0668835073041606, 0.02219505577692146, 0.2347023622604233, 0.039282068635170614, 0.04574990476741475, 0.07976648636559046], "optimization_info": {"optimizer_method": "L-BFGS-B", "optimizer_options": {"maxiter": 1000000, "ftol": 1e-08}, "convergence_success": true, "optimizer_message": "CONVERGENCE: RELATIVE REDUCTION OF F <= FACTR*EPSMCH", "function_evaluations": 187, "circuits_per_evaluation": 1, "total_circuits": 187, "optimization_time_seconds": 1.87489914894104, "simulation_mode": "exact_statevector", "primitive_version": "v1", "note": "Exact simulation using Qiskit Primitive v1"}}, "instance_id": "e24548be"}