{"benchmark_category": "chemistry", "problem_type": "hydrogen_lattice_vqe", "instance_name": "h008_chain_1_75", "num_qubits": 8, "solution_algorithms": ["vqe_puccd"], "data": {"geometry": [["H", 0.0, 0.0, -6.125], ["H", 0.0, 0.0, -4.375], ["H", 0.0, 0.0, -2.625], ["H", 0.0, 0.0, -0.875], ["H", 0.0, 0.0, 0.875], ["H", 0.0, 0.0, 2.625], ["H", 0.0, 0.0, 4.375], ["H", 0.0, 0.0, 6.125]], "description": "H8 1D chain, 1.75 Angstroms", "basis": "sto-3g", "mapper": "PairedElectron", "hf_energy": -3.397076669184356, "nuclear_repulsion_energy": 4.155661035959511, "num_spatial_orbitals": 8, "num_alpha": 4, "num_beta": 4, "paired_hamiltonian_dict": {"IIIIIIII": -1.4936264926812524, "IIIIIIIZ": 0.21163040904832472, "IIIIIIZI": 0.18963560745555177, "IIIIIIZZ": 0.15608676963942492, "IIIIIIXX": 0.05382991448928392, "IIIIIIYY": 0.05382991448928392, "IIIIIZII": 0.1519383404019813, "IIIIIZIZ": 0.16351152667732838, "IIIIIXIX": 0.04017077960131371, "IIIIIYIY": 0.04017077960131371, "IIIIZIII": 0.10226304486826461, "IIIIZIIZ": 0.19611678227778764, "IIIIXIIX": 0.04190386612321043, "IIIIYIIY": 0.04190386612321043, "IIIZIIII": 0.04509731552649884, "IIIZIIIZ": 0.20324191338816316, "IIIXIIIX": 0.03655328483786547, "IIIYIIIY": 0.03655328483786547, "IIZIIIII": -0.020622614429664857, "IIZIIIIZ": 0.18440363298499113, "IIXIIIIX": 0.023924610069285233, "IIYIIIIY": 0.023924610069285233, "IZIIIIII": -0.08739641616404527, "IZIIIIIZ": 0.19268741551278779, "IXIIIIIX": 0.022980627278929917, "IYIIIIIY": 0.022980627278929917, "ZIIIIIII": -0.13784522508240588, "ZIIIIIIZ": 0.24677821479423573, "XIIIIIIX": 0.03302211344176083, "YIIIIIIY": 0.03302211344176083, "IIIIIZZI": 0.16326498608925766, "IIIIIXXI": 0.05292212770530094, "IIIIIYYI": 0.05292212770530094, "IIIIZIZI": 0.17199837558804837, "IIIIXIXI": 0.04041670520921484, "IIIIYIYI": 0.04041670520921484, "IIIZIIZI": 0.18118372060253157, "IIIXIIXI": 0.0322849142409552, "IIIYIIYI": 0.0322849142409552, "IIZIIIZI": 0.18716349418758266, "IIXIIIXI": 0.03254438197154907, "IIYIIIYI": 0.03254438197154907, "IZIIIIZI": 0.21011158901784296, "IXIIIIXI": 0.03391871758583999, "IYIIIIYI": 0.03391871758583999, "ZIIIIIZI": 0.1954683287060061, "XIIIIIXI": 0.023482677393303626, "YIIIIIYI": 0.023482677393303626, "IIIIZZII": 0.1597953574330792, "IIIIXXII": 0.04824166326283285, "IIIIYYII": 0.04824166326283285, "IIIZIZII": 0.1757080069782656, "IIIXIXII": 0.032870719218370585, "IIIYIYII": 0.032870719218370585, "IIZIIZII": 0.19486355373604747, "IIXIIXII": 0.041217957891859905, "IIYIIYII": 0.041217957891859905, "IZIIIZII": 0.19042367031837262, "IXIIIXII": 0.033429997488631215, "IYIIIYII": 0.033429997488631215, "ZIIIIZII": 0.18803847022398537, "XIIIIXII": 0.02445879044859694, "YIIIIYII": 0.02445879044859694, "IIIZZIII": 0.19549645777060107, "IIIXXIII": 0.04025746738030396, "IIIYYIII": 0.04025746738030396, "IIZIZIII": 0.1787535772672587, "IIXIXIII": 0.03384592995786356, "IIYIYIII": 0.03384592995786356, "IZIIZIII": 0.18598727979350077, "IXIIXIII": 0.03340181889121975, "IYIIYIII": 0.03340181889121975, "ZIIIZIII": 0.21059212551563725, "XIIIXIII": 0.03803642632402455, "YIIIYIII": 0.03803642632402455, "IIZZIIII": 0.16480431976897583, "IIXXIIII": 0.049584413314899635, "IIYYIIII": 0.049584413314899635, "IZIZIIII": 0.17883488159963234, "IXIXIIII": 0.04239747011908218, "IYIYIIII": 0.04239747011908218, "ZIIZIIII": 0.2062254865624346, "XIIXIIII": 0.044876814077157316, "YIIYIIII": 0.044876814077157316, "IZZIIIII": 0.17222094733767754, "IXXIIIII": 0.05673341264625498, "IYYIIIII": 0.05673341264625498, "ZIZIIIII": 0.17402889438623242, "XIXIIIII": 0.04497385747082404, "YIYIIIII": 0.04497385747082404, "ZZIIIIII": 0.16679728885857065, "XXIIIIII": 0.060765159630939224, "YYIIIIII": 0.060765159630939224}, "reference_energy_doci": -3.462181838295396, "reference_energy_fci": -3.869289110404381, "optimizer_config": {"method": "L-BFGS-B", "options": {"maxiter": 1000000, "ftol": 1e-08}}, "recommended_minimum_shots_per_qc": 10000, "vqe_final_energy": -3.4619174670707125, "optimal_parameters": [0.06989668841336279, 0.02304315162284741, 0.020383640308097816, 0.05255162652329025, 0.04763432874125203, 0.051909324901297536, 0.05800104431859882, 0.02037279023074979, 0.04782948233430677, 0.10602584943872793, 0.0502224186043869, 0.02098941583017182, 0.2068115563220624, 0.0483009042425618, 0.043035652373987494, 0.05760743302082725], "optimization_info": {"optimizer_method": "L-BFGS-B", "optimizer_options": {"maxiter": 1000000, "ftol": 1e-08}, "convergence_success": true, "optimizer_message": "CONVERGENCE: RELATIVE REDUCTION OF F <= FACTR*EPSMCH", "function_evaluations": 187, "circuits_per_evaluation": 1, "total_circuits": 187, "optimization_time_seconds": 1.8434736728668213, "simulation_mode": "exact_statevector", "primitive_version": "v1", "note": "Exact simulation using Qiskit Primitive v1"}}, "instance_id": "b4c1ad7a"}