{"benchmark_category": "chemistry", "problem_type": "hydrogen_lattice_vqe", "instance_name": "h008_chain_1_00", "num_qubits": 8, "solution_algorithms": ["vqe_puccd"], "data": {"geometry": [["H", 0.0, 0.0, -3.5], ["H", 0.0, 0.0, -2.5], ["H", 0.0, 0.0, -1.5], ["H", 0.0, 0.0, -0.5], ["H", 0.0, 0.0, 0.5], ["H", 0.0, 0.0, 1.5], ["H", 0.0, 0.0, 2.5], ["H", 0.0, 0.0, 3.5]], "description": "H8 1D chain, 1.00 Angstroms", "basis": "sto-3g", "mapper": "PairedElectron", "hf_energy": -4.174369810389158, "nuclear_repulsion_energy": 7.2724068129291455, "num_spatial_orbitals": 8, "num_alpha": 4, "num_beta": 4, "paired_hamiltonian_dict": {"IIIIIIII": 0.38721575915980405, "IIIIIIIZ": 0.3861588530992885, "IIIIIIZI": 0.3358178955706484, "IIIIIIZZ": 0.23944732551129388, "IIIIIIXX": 0.06384378850777371, "IIIIIIYY": 0.06384378850777371, "IIIIIZII": 0.2388237090463248, "IIIIIZIZ": 0.24945731499305923, "IIIIIXIX": 0.04381149231549951, "IIIIIYIY": 0.04381149231549951, "IIIIZIII": 0.09210270848439459, "IIIIZIIZ": 0.27896945620037283, "IIIIXIIX": 0.038525021660943286, "IIIIYIIY": 0.038525021660943286, "IIIZIIII": -0.09788867376013899, "IIIZIIIZ": 0.2898357595503085, "IIIXIIIX": 0.03173470877171807, "IIIYIIIY": 0.03173470877171807, "IIZIIIII": -0.3430603107247413, "IIZIIIIZ": 0.2838629326381401, "IIXIIIIX": 0.02231649064476011, "IIYIIIIY": 0.02231649064476011, "IZIIIIII": -0.644215241731981, "IZIIIIIZ": 0.30207332013736554, "IXIIIIIX": 0.0204619930310921, "IYIIIIIY": 0.0204619930310921, "ZIIIIIII": -0.9308050680656265, "ZIIIIIIZ": 0.3778908238816331, "XIIIIIIX": 0.026532521267430335, "YIIIIIIY": 0.026532521267430335, "IIIIIZZI": 0.2389173200667702, "IIIIIXXI": 0.05677233141948967, "IIIIIYYI": 0.05677233141948967, "IIIIZIZI": 0.25647228166741054, "IIIIXIXI": 0.04268942997854168, "IIIIYIYI": 0.04268942997854168, "IIIZIIZI": 0.2697414624471214, "IIIXIIXI": 0.0328219498252471, "IIIYIIYI": 0.0328219498252471, "IIZIIIZI": 0.2784376520468269, "IIXIIIXI": 0.027982997843024313, "IIYIIIYI": 0.027982997843024313, "IZIIIIZI": 0.311586319271023, "IXIIIIXI": 0.028034491760201223, "IYIIIIYI": 0.028034491760201223, "ZIIIIIZI": 0.30592492650475983, "XIIIIIXI": 0.019511993343209737, "YIIIIIYI": 0.019511993343209737, "IIIIZZII": 0.24019445950228177, "IIIIXXII": 0.055094860051771555, "IIIIYYII": 0.055094860051771555, "IIIZIZII": 0.26050141812303507, "IIIXIXII": 0.037320152224263235, "IIIYIYII": 0.037320152224263235, "IIZIIZII": 0.27995233903072436, "IIXIIXII": 0.036459716768854844, "IIYIIYII": 0.036459716768854844, "IZIIIZII": 0.284523852447119, "IXIIIXII": 0.027244288179223135, "IYIIIYII": 0.027244288179223135, "ZIIIIZII": 0.29407864822532437, "XIIIIXII": 0.021016158591040612, "YIIIIYII": 0.021016158591040612, "IIIZZIII": 0.2677874846470403, "IIIXXIII": 0.044790234140191544, "IIIYYIII": 0.044790234140191544, "IIZIZIII": 0.26769547397251525, "IIXIXIII": 0.037505665010801506, "IIYIYIII": 0.037505665010801506, "IZIIZIII": 0.28457240948989854, "IXIIXIII": 0.032925213961308264, "IYIIYIII": 0.032925213961308264, "ZIIIZIII": 0.3120203230456601, "XIIIXIII": 0.03133827753156184, "YIIIYIII": 0.03133827753156184, "IIZZIIII": 0.2545859604321957, "IIXXIIII": 0.05623560957897779, "IIYYIIII": 0.05623560957897779, "IZIZIIII": 0.278798942147643, "IXIXIIII": 0.04447772957951177, "IYIYIIII": 0.04447772957951177, "ZIIZIIII": 0.3096621623590696, "XIIXIIII": 0.04038292087243303, "YIIYIIII": 0.04038292087243303, "IZZIIIII": 0.2672073726630757, "IXXIIIII": 0.06100341882123429, "IYYIIIII": 0.06100341882123429, "ZIZIIIII": 0.28504706719790407, "XIXIIIII": 0.05064303225263312, "YIYIIIII": 0.05064303225263312, "ZZIIIIII": 0.2790123736516035, "XXIIIIII": 0.07844880318081866, "YYIIIIII": 0.07844880318081866}, "reference_energy_doci": -4.209106153983938, "reference_energy_fci": -4.307571601998958, "optimizer_config": {"method": "L-BFGS-B", "options": {"maxiter": 1000000, "ftol": 1e-08}}, "recommended_minimum_shots_per_qc": 10000, "vqe_final_energy": -4.209083619449389, "optimal_parameters": [0.0317844831257001, 0.015335130045244219, 0.011248641716274559, 0.015138165060030512, 0.03468738340105911, 0.02301453637354945, 0.019093297244595006, 0.008891609045991488, 0.051307245612230136, 0.03902748325703355, 0.01809185508077888, 0.0098076509379868, 0.13130318957366266, 0.04318536994496586, 0.023824681990211573, 0.017587763892859282], "optimization_info": {"optimizer_method": "L-BFGS-B", "optimizer_options": {"maxiter": 1000000, "ftol": 1e-08}, "convergence_success": true, "optimizer_message": "CONVERGENCE: RELATIVE REDUCTION OF F <= FACTR*EPSMCH", "function_evaluations": 187, "circuits_per_evaluation": 1, "total_circuits": 187, "optimization_time_seconds": 1.9616451263427734, "simulation_mode": "exact_statevector", "primitive_version": "v1", "note": "Exact simulation using Qiskit Primitive v1"}}, "instance_id": "967beed1"}