{"benchmark_category": "chemistry", "problem_type": "hydrogen_lattice_vqe", "instance_name": "h008_chain_1_25", "num_qubits": 8, "solution_algorithms": ["vqe_puccd"], "data": {"geometry": [["H", 0.0, 0.0, -4.375], ["H", 0.0, 0.0, -3.125], ["H", 0.0, 0.0, -1.875], ["H", 0.0, 0.0, -0.625], ["H", 0.0, 0.0, 0.625], ["H", 0.0, 0.0, 1.875], ["H", 0.0, 0.0, 3.125], ["H", 0.0, 0.0, 4.375]], "description": "H8 1D chain, 1.25 Angstroms", "basis": "sto-3g", "mapper": "PairedElectron", "hf_energy": -3.9580151727261796, "nuclear_repulsion_energy": 5.817925450343317, "num_spatial_orbitals": 8, "num_alpha": 4, "num_beta": 4, "paired_hamiltonian_dict": {"IIIIIIII": -0.7049192775877792, "IIIIIIIZ": 0.31426825909355016, "IIIIIIZI": 0.27715281775826317, "IIIIIIZZ": 0.20199132428646283, "IIIIIIXX": 0.05988250450179035, "IIIIIIYY": 0.05988250450179035, "IIIIIZII": 0.20843463456339886, "IIIIIZIZ": 0.21163988619066498, "IIIIIXIX": 0.04263187757830921, "IIIIIYIY": 0.04263187757830921, "IIIIZIII": 0.10804061403479867, "IIIIZIIZ": 0.24197955400306145, "IIIIXIIX": 0.039439644543133895, "IIIIYIIY": 0.039439644543133895, "IIIZIIII": -0.018165049795501112, "IIIZIIIZ": 0.25096443260472906, "IIIXIIIX": 0.032912341815626175, "IIIYIIIY": 0.032912341815626175, "IIZIIIII": -0.17375884917117795, "IIZIIIIZ": 0.23966573157921509, "IIXIIIIX": 0.022481083238692485, "IIYIIIIY": 0.022481083238692485, "IZIIIIII": -0.3499856182773579, "IZIIIIIZ": 0.2528688384447888, "IXIIIIIX": 0.020912970082977544, "IYIIIIIY": 0.020912970082977544, "ZIIIIIII": -0.5018137329343642, "ZIIIIIIZ": 0.31967807977559515, "XIIIIIIX": 0.02849520047181353, "YIIIIIIY": 0.02849520047181353, "IIIIIZZI": 0.20484931366230583, "IIIIIXXI": 0.05454163960265936, "IIIIIYYI": 0.05454163960265936, "IIIIZIZI": 0.21930575762430693, "IIIIXIXI": 0.041500707065762324, "IIIIYIYI": 0.041500707065762324, "IIIZIIZI": 0.23062051405459694, "IIIXIIXI": 0.03225128491062685, "IIIYIIYI": 0.03225128491062685, "IIZIIIZI": 0.23729052270364978, "IIXIIIXI": 0.028811599841223844, "IIYIIIYI": 0.028811599841223844, "IZIIIIZI": 0.26702175597779987, "IXIIIIXI": 0.029775198918634636, "IYIIIIYI": 0.029775198918634636, "ZIIIIIZI": 0.25672420682935243, "XIIIIIXI": 0.020678545331411113, "YIIIIIYI": 0.020678545331411113, "IIIIZZII": 0.20510906102276155, "IIIIXXII": 0.05172564627823017, "IIIIYYII": 0.05172564627823017, "IIIZIZII": 0.22309113002936315, "IIIXIXII": 0.03515584968532236, "IIIYIYII": 0.03515584968532236, "IIZIIZII": 0.24215293016505365, "IIXIIXII": 0.03775239594780175, "IIYIIYII": 0.03775239594780175, "IZIIIZII": 0.24230534819151384, "IXIIIXII": 0.02880319027851164, "IYIIIYII": 0.02880319027851164, "ZIIIIZII": 0.2474804455225639, "XIIIIXII": 0.022127153474946048, "YIIIIYII": 0.022127153474946048, "IIIZZIII": 0.23491471302733677, "IIIXXIII": 0.04226251058857217, "IIIYYIII": 0.04226251058857217, "IIZIZIII": 0.22816633057646718, "IIXIXIII": 0.0356427183383086, "IIYIYIII": 0.0356427183383086, "IZIIZIII": 0.24069114487993332, "IXIIXIII": 0.03278645285576517, "IYIIYIII": 0.03278645285576517, "ZIIIZIII": 0.2664378617227787, "XIIIXIII": 0.03344439139729437, "YIIIYIII": 0.03344439139729437, "IIZZIIII": 0.2145929509485808, "IIXXIIII": 0.05303296910908578, "IIYYIIII": 0.05303296910908578, "IZIZIIII": 0.2338421791939487, "IXIXIIII": 0.04342581846796197, "IYIYIIII": 0.04342581846796197, "ZIIZIIII": 0.2622602315194344, "XIIXIIII": 0.04179431109784638, "YIIYIIII": 0.04179431109784638, "IZZIIIII": 0.22297343130023473, "IXXIIIII": 0.05870056742076464, "IYYIIIII": 0.05870056742076464, "ZIZIIIII": 0.23383273653719766, "XIXIIIII": 0.048534298837062, "YIYIIIII": 0.048534298837062, "ZZIIIIII": 0.2262212402857888, "XXIIIIII": 0.07100942510106968, "YYIIIIII": 0.07100942510106968}, "reference_energy_doci": -4.000639459708728, "reference_energy_fci": -4.1670044743869195, "optimizer_config": {"method": "L-BFGS-B", "options": {"maxiter": 1000000, "ftol": 1e-08}}, "recommended_minimum_shots_per_qc": 10000, "vqe_final_energy": -4.000582886976071, "optimal_parameters": [0.04178377514267815, 0.018406402338082356, 0.014360264616144123, 0.023852989485985385, 0.04015238968462257, 0.030405414715038888, 0.028526275076269654, 0.012610646446920476, 0.05431984904502251, 0.05551526937556649, 0.026049279689010597, 0.013827886227172424, 0.15468741664090152, 0.04870715705425604, 0.030827848235211945, 0.027339576491565643], "optimization_info": {"optimizer_method": "L-BFGS-B", "optimizer_options": {"maxiter": 1000000, "ftol": 1e-08}, "convergence_success": true, "optimizer_message": "CONVERGENCE: RELATIVE REDUCTION OF F <= FACTR*EPSMCH", "function_evaluations": 204, "circuits_per_evaluation": 1, "total_circuits": 204, "optimization_time_seconds": 2.0054099559783936, "simulation_mode": "exact_statevector", "primitive_version": "v1", "note": "Exact simulation using Qiskit Primitive v1"}}, "instance_id": "3e198ec3"}