{"benchmark_category": "chemistry", "problem_type": "hydrogen_lattice_vqe", "instance_name": "h008_chain_1_50", "num_qubits": 8, "solution_algorithms": ["vqe_puccd"], "data": {"geometry": [["H", 0.0, 0.0, -5.25], ["H", 0.0, 0.0, -3.75], ["H", 0.0, 0.0, -2.25], ["H", 0.0, 0.0, -0.75], ["H", 0.0, 0.0, 0.75], ["H", 0.0, 0.0, 2.25], ["H", 0.0, 0.0, 3.75], ["H", 0.0, 0.0, 5.25]], "description": "H8 1D chain, 1.50 Angstroms", "basis": "sto-3g", "mapper": "PairedElectron", "hf_energy": -3.6719634733385043, "nuclear_repulsion_energy": 4.84827120861943, "num_spatial_orbitals": 8, "num_alpha": 4, "num_beta": 4, "paired_hamiltonian_dict": {"IIIIIIII": -1.2296564482921748, "IIIIIIIZ": 0.25752235829995795, "IIIIIIZI": 0.2289474472716054, "IIIIIIZZ": 0.1755542126468439, "IIIIIIXX": 0.05649943249462792, "IIIIIIYY": 0.05649943249462792, "IIIIIZII": 0.17819740108905596, "IIIIIZIZ": 0.1841776603214911, "IIIIIXIX": 0.04131099871243071, "IIIIIYIY": 0.04131099871243071, "IIIIZIII": 0.10760029307975323, "IIIIZIIZ": 0.21558857115520333, "IIIIXIIX": 0.0405104390311695, "IIIIYIIY": 0.0405104390311695, "IIIZIIII": 0.02251545951224901, "IIIZIIIZ": 0.22351296948588076, "IIIXIIIX": 0.034535831561853234, "IIIYIIIY": 0.034535831561853234, "IIZIIIII": -0.0781839736245367, "IIZIIIIZ": 0.20815765989213814, "IIXIIIIX": 0.023084994931215425, "IIYIIIIY": 0.023084994931215425, "IZIIIIII": -0.18529352295819929, "IZIIIIIZ": 0.21828834893435087, "IXIIIIIX": 0.021835537461474288, "IYIIIIIY": 0.021835537461474288, "ZIIIIIII": -0.2710930132320537, "ZIIIIIIZ": 0.2778668309976068, "XIIIIIIX": 0.03072878289003877, "YIIIIIIY": 0.03072878289003877, "IIIIIZZI": 0.180778885751818, "IIIIIXXI": 0.05328102261534678, "IIIIIYYI": 0.05328102261534678, "IIIIZIZI": 0.19236692698082192, "IIIIXIXI": 0.040758511549348814, "IIIIYIYI": 0.040758511549348814, "IIIZIIZI": 0.20244710420273268, "IIIXIIXI": 0.032124398754417936, "IIIYIIYI": 0.032124398754417936, "IIZIIIZI": 0.20836251139713752, "IIXIIIXI": 0.030420391257704633, "IIYIIIYI": 0.030420391257704633, "IZIIIIZI": 0.23465164947434353, "IXIIIIXI": 0.03183905879110501, "IYIIIIYI": 0.03183905879110501, "ZIIIIIZI": 0.22162629607518522, "XIIIIIXI": 0.022073180478101986, "YIIIIIYI": 0.022073180478101986, "IIIIZZII": 0.1794135066193266, "IIIIXXII": 0.04957066332367345, "IIIIYYII": 0.04957066332367345, "IIIZIZII": 0.1960988809018285, "IIIXIXII": 0.033760675424007666, "IIIYIYII": 0.033760675424007666, "IIZIIZII": 0.21511292006893915, "IIXIIXII": 0.03946129091947933, "IIYIIYII": 0.03946129091947933, "IZIIIZII": 0.21239420931809602, "IXIIIXII": 0.030966788481393462, "IYIIIYII": 0.030966788481393462, "ZIIIIZII": 0.2136055469962924, "XIIIIXII": 0.02333376456727791, "YIIIIYII": 0.02333376456727791, "IIIZZIII": 0.21216397425958958, "IIIXXIII": 0.04090311017764316, "IIIYYIII": 0.04090311017764316, "IIZIZIII": 0.1999539156592972, "IIXIXIII": 0.0345505815743822, "IIYIYIII": 0.0345505815743822, "IZIIZIII": 0.2093850983922525, "IXIIXIII": 0.03305538619671533, "IYIIYIII": 0.03305538619671533, "ZIIIZIII": 0.23422192518292467, "XIIIXIII": 0.035736524777322226, "YIIIYIII": 0.035736524777322226, "IIZZIIII": 0.1862018634946609, "IIXXIIII": 0.050965492815620315, "IIYYIIII": 0.050965492815620315, "IZIZIIII": 0.20227419199030738, "IXIXIIII": 0.042818763558178714, "IYIYIIII": 0.042818763558178714, "ZIIZIIII": 0.22970380889262967, "XIIXIIII": 0.04332463501852017, "YIIYIIII": 0.04332463501852017, "IZZIIIII": 0.19328938360508854, "IXXIIIII": 0.057332884169382446, "IYYIIIII": 0.057332884169382446, "ZIZIIIII": 0.19912306951848535, "XIXIIIII": 0.04664748101105294, "YIYIIIII": 0.04664748101105294, "ZZIIIIII": 0.19139328525850102, "XXIIIIII": 0.06522000621279352, "YYIIIIII": 0.06522000621279352}, "reference_energy_doci": -3.7246549819542043, "reference_energy_fci": -3.9954117071822886, "optimizer_config": {"method": "L-BFGS-B", "options": {"maxiter": 1000000, "ftol": 1e-08}}, "recommended_minimum_shots_per_qc": 10000, "vqe_final_energy": -3.724527957253742, "optimal_parameters": [0.054083618576248736, 0.021161065726084418, 0.017601668660589005, 0.03605535555672057, 0.04455743024215853, 0.03987402397815466, 0.041267666448055546, 0.01662166797677916, 0.053466720360246606, 0.07746919355721174, 0.03665277636185858, 0.017844197914539495, 0.17984438588491322, 0.05105989850787831, 0.03764242896346707, 0.04045114002797236], "optimization_info": {"optimizer_method": "L-BFGS-B", "optimizer_options": {"maxiter": 1000000, "ftol": 1e-08}, "convergence_success": true, "optimizer_message": "CONVERGENCE: RELATIVE REDUCTION OF F <= FACTR*EPSMCH", "function_evaluations": 204, "circuits_per_evaluation": 1, "total_circuits": 204, "optimization_time_seconds": 2.145918607711792, "simulation_mode": "exact_statevector", "primitive_version": "v1", "note": "Exact simulation using Qiskit Primitive v1"}}, "instance_id": "89a8eb71"}