{"benchmark_category": "chemistry", "problem_type": "hydrogen_lattice_vqe", "instance_name": "h008_chain_0_75", "num_qubits": 8, "solution_algorithms": ["vqe_puccd"], "data": {"geometry": [["H", 0.0, 0.0, -2.625], ["H", 0.0, 0.0, -1.875], ["H", 0.0, 0.0, -1.125], ["H", 0.0, 0.0, -0.375], ["H", 0.0, 0.0, 0.375], ["H", 0.0, 0.0, 1.125], ["H", 0.0, 0.0, 1.875], ["H", 0.0, 0.0, 2.625]], "description": "H8 1D chain, 0.75 Angstroms", "basis": "sto-3g", "mapper": "PairedElectron", "hf_energy": -4.081581172672388, "nuclear_repulsion_energy": 9.69654241723886, "num_spatial_orbitals": 8, "num_alpha": 4, "num_beta": 4, "paired_hamiltonian_dict": {"IIIIIIII": 2.9619493792987677, "IIIIIIIZ": 0.4849629111183895, "IIIIIIZI": 0.4087019651680191, "IIIIIIZZ": 0.2962079115472465, "IIIIIIXX": 0.06781991069354017, "IIIIIIYY": 0.06781991069354017, "IIIIIZII": 0.25790695563715177, "IIIIIZIZ": 0.3044608382287893, "IIIIIXIX": 0.04403116091273846, "IIIIIYIY": 0.04403116091273846, "IIIIZIII": 0.024426059531112515, "IIIIZIIZ": 0.33280512738359197, "IIIIXIIX": 0.03702415345180797, "IIIIYIIY": 0.03702415345180797, "IIIZIIII": -0.2832484497795509, "IIIZIIIZ": 0.3482298622448742, "IIIXIIIX": 0.030627584096527136, "IIIYIIIY": 0.030627584096527136, "IIZIIIII": -0.6948705790147135, "IIZIIIIZ": 0.3516841320444961, "IIXIIIIX": 0.022578954691306774, "IIYIIIIY": 0.022578954691306774, "IZIIIIII": -1.2510197355954993, "IZIIIIIZ": 0.3784617362067114, "IXIIIIIX": 0.02053056644851788, "IYIIIIIY": 0.02053056644851788, "ZIIIIIII": -1.8784175082085786, "ZIIIIIIZ": 0.46505393334749845, "XIIIIIIX": 0.024773953858120767, "YIIIIIIY": 0.024773953858120767, "IIIIIZZI": 0.2896503461857678, "IIIIIXXI": 0.059834901068597034, "IIIIIYYI": 0.059834901068597034, "IIIIZIZI": 0.31077401172851365, "IIIIXIXI": 0.04412369540153094, "IIIIYIYI": 0.04412369540153094, "IIIZIIZI": 0.3279949158528648, "IIIXIIXI": 0.033919544755383134, "IIIYIIYI": 0.033919544755383134, "IIZIIIZI": 0.34152288080164717, "IIXIIIXI": 0.028098451059309262, "IIYIIIYI": 0.028098451059309262, "IZIIIIZI": 0.37834787789977786, "IXIIIIXI": 0.02689238992201201, "IYIIIIYI": 0.02689238992201201, "ZIIIIIZI": 0.3808621526969561, "XIIIIIXI": 0.01881184357235253, "YIIIIIYI": 0.01881184357235253, "IIIIZZII": 0.29114307060553235, "IIIIXXII": 0.060173426552993015, "IIIIYYII": 0.060173426552993015, "IIIZIZII": 0.3159057811867855, "IIIXIXII": 0.040689127865611, "IIIYIYII": 0.040689127865611, "IIZIIZII": 0.3371708189681808, "IIXIIXII": 0.036223434065752846, "IIYIIYII": 0.036223434065752846, "IZIIIZII": 0.3478800497468078, "IXIIIXII": 0.026603330561421362, "IYIIIYII": 0.026603330561421362, "ZIIIIZII": 0.36308029801530883, "XIIIIXII": 0.020403102004959674, "YIIIIYII": 0.020403102004959674, "IIIZZIII": 0.31860479556600846, "IIIXXIII": 0.049737289783773675, "IIIYYIII": 0.049737289783773675, "IIZIZIII": 0.3271528114605694, "IIXIXIII": 0.04076364140307115, "IIYIYIII": 0.04076364140307115, "IZIIZIII": 0.3503519310989545, "IXIIXIII": 0.0341507400368541, "IYIIYIII": 0.0341507400368541, "ZIIIZIII": 0.380759926363509, "XIIIXIII": 0.030076090701453746, "YIIIYIII": 0.030076090701453746, "IIZZIIII": 0.3163211625700598, "IIXXIIII": 0.061387048472392555, "IIYYIIII": 0.061387048472392555, "IZIZIIII": 0.3485701669328967, "IXIXIIII": 0.04684049338236497, "IYIYIIII": 0.04684049338236497, "ZIIZIIII": 0.3846398678602357, "XIIXIIII": 0.04005554880368759, "YIIYIIII": 0.04005554880368759, "IZZIIIII": 0.3396572796515991, "IXXIIIII": 0.06530133696202997, "IYYIIIII": 0.06530133696202997, "ZIZIIIII": 0.3694927334149144, "XIXIIIII": 0.05415515216817241, "YIYIIIII": 0.05415515216817241, "ZZIIIIII": 0.369364999473662, "XXIIIIII": 0.0892800041271998, "YYIIIIII": 0.0892800041271998}, "reference_energy_doci": -4.109867699678425, "reference_energy_fci": -4.167414047313992, "optimizer_config": {"method": "L-BFGS-B", "options": {"maxiter": 1000000, "ftol": 1e-08}}, "recommended_minimum_shots_per_qc": 10000, "vqe_final_energy": -4.109860640375308, "optimal_parameters": [0.022534167312821613, 0.01180633774978534, 0.008079892414620907, 0.008578426781166859, 0.027786145137518023, 0.016759471725595377, 0.012070675308447375, 0.005707791406688007, 0.044354157756653, 0.02654716835335212, 0.012009101685431112, 0.006311539135044195, 0.10820687998639736, 0.03533681569324777, 0.017221988281012998, 0.01042771324189207], "optimization_info": {"optimizer_method": "L-BFGS-B", "optimizer_options": {"maxiter": 1000000, "ftol": 1e-08}, "convergence_success": true, "optimizer_message": "CONVERGENCE: RELATIVE REDUCTION OF F <= FACTR*EPSMCH", "function_evaluations": 204, "circuits_per_evaluation": 1, "total_circuits": 204, "optimization_time_seconds": 2.0182900428771973, "simulation_mode": "exact_statevector", "primitive_version": "v1", "note": "Exact simulation using Qiskit Primitive v1"}}, "instance_id": "a6747089"}