{"benchmark_category": "chemistry", "problem_type": "hydrogen_lattice_vqe", "instance_name": "h010_chain_1_25", "num_qubits": 10, "solution_algorithms": ["vqe_puccd"], "data": {"geometry": [["H", 0.0, 0.0, -5.625], ["H", 0.0, 0.0, -4.375], ["H", 0.0, 0.0, -3.125], ["H", 0.0, 0.0, -1.875], ["H", 0.0, 0.0, -0.625], ["H", 0.0, 0.0, 0.625], ["H", 0.0, 0.0, 1.875], ["H", 0.0, 0.0, 3.125], ["H", 0.0, 0.0, 4.375], ["H", 0.0, 0.0, 5.625]], "description": "H10 1D chain, 1.25 Angstroms", "basis": "sto-3g", "mapper": "PairedElectron", "hf_energy": -4.950376732626307, "nuclear_repulsion_energy": 8.166128324705149, "num_spatial_orbitals": 10, "num_alpha": 5, "num_beta": 5, "paired_hamiltonian_dict": {"IIIIIIIIII": -0.9422547820754976, "IIIIIIIIIZ": 0.317121072174261, "IIIIIIIIZI": 0.29297471229097466, "IIIIIIIIZZ": 0.17506885649261938, "IIIIIIIIXX": 0.05595869098207423, "IIIIIIIIYY": 0.05595869098207423, "IIIIIIIZII": 0.24843289801801643, "IIIIIIIZIZ": 0.18506884950361144, "IIIIIIIXIX": 0.04154278992156364, "IIIIIIIYIY": 0.04154278992156364, "IIIIIIZIII": 0.18228029315060412, "IIIIIIZIIZ": 0.18950576823579174, "IIIIIIXIIX": 0.031757463080379356, "IIIIIIYIIY": 0.031757463080379356, "IIIIIZIIII": 0.09500324284041199, "IIIIIZIIIZ": 0.2184970847960351, "IIIIIXIIIX": 0.031990515141867536, "IIIIIYIIIY": 0.031990515141867536, "IIIIZIIIII": -0.007508805144022274, "IIIIZIIIIZ": 0.22435914996469564, "IIIIXIIIIX": 0.02770508103211323, "IIIIYIIIIY": 0.02770508103211323, "IIIZIIIIII": -0.13037977493101283, "IIIZIIIIIZ": 0.20781648954799312, "IIIXIIIIIX": 0.018881748844584743, "IIIYIIIIIY": 0.018881748844584743, "IIZIIIIIII": -0.27305328190060335, "IIZIIIIIIZ": 0.21778614389970585, "IIXIIIIIIX": 0.01786531493786851, "IIYIIIIIIY": 0.01786531493786851, "IZIIIIIIII": -0.41364025971142654, "IZIIIIIIIZ": 0.22519733497877792, "IXIIIIIIIX": 0.016549153246440358, "IYIIIIIIIY": 0.016549153246440358, "ZIIIIIIIII": -0.5231827103759068, "ZIIIIIIIIZ": 0.28590765042122107, "XIIIIIIIIX": 0.023194025316836456, "YIIIIIIIIY": 0.023194025316836456, "IIIIIIIZZI": 0.17382104727417078, "IIIIIIIXXI": 0.04694294492393363, "IIIIIIIYYI": 0.04694294492393363, "IIIIIIZIZI": 0.18808114852768054, "IIIIIIXIXI": 0.03959028621904642, "IIIIIIYIYI": 0.03959028621904642, "IIIIIZIIZI": 0.19820631476050446, "IIIIIXIIXI": 0.03160514903510458, "IIIIIYIIYI": 0.03160514903510458, "IIIIZIIIZI": 0.205118498394666, "IIIIXIIIXI": 0.02619847483900318, "IIIIYIIIYI": 0.02619847483900318, "IIIZIIIIZI": 0.20851870636795455, "IIIXIIIIXI": 0.02399478753755158, "IIIYIIIIYI": 0.02399478753755158, "IIZIIIIIZI": 0.2103237193851192, "IIXIIIIIXI": 0.01830745286643651, "IIYIIIIIYI": 0.01830745286643651, "IZIIIIIIZI": 0.2436122476215555, "IXIIIIIIXI": 0.024090008000916055, "IYIIIIIIYI": 0.024090008000916055, "ZIIIIIIIZI": 0.22795851729577205, "XIIIIIIIXI": 0.01647394818808942, "YIIIIIIIYI": 0.01647394818808942, "IIIIIIZZII": 0.1769838422889915, "IIIIIIXXII": 0.045692566139964606, "IIIIIIYYII": 0.045692566139964606, "IIIIIZIZII": 0.18936575266354333, "IIIIIXIXII": 0.036496836307831355, "IIIIIYIYII": 0.036496836307831355, "IIIIZIIZII": 0.1990509678792, "IIIIXIIXII": 0.02799216745432399, "IIIIYIIYII": 0.02799216745432399, "IIIZIIIZII": 0.20225248181744349, "IIIXIIIXII": 0.02489487479518759, "IIIYIIIYII": 0.02489487479518759, "IIZIIIIZII": 0.22343403285748, "IIXIIIIXII": 0.028992675376830142, "IIYIIIIYII": 0.028992675376830142, "IZIIIIIZII": 0.21353140457376316, "IXIIIIIXII": 0.018278851640288904, "IYIIIIIYII": 0.018278851640288904, "ZIIIIIIZII": 0.22226961794905348, "XIIIIIIXII": 0.017440785369657683, "YIIIIIIYII": 0.017440785369657683, "IIIIIZZIII": 0.17826169446615447, "IIIIIXXIII": 0.04605646338622254, "IIIIIYYIII": 0.04605646338622254, "IIIIZIZIII": 0.19459843438044233, "IIIIXIXIII": 0.030413615833088204, "IIIIYIYIII": 0.030413615833088204, "IIIZIIZIII": 0.2075207594030897, "IIIXIIXIII": 0.03271457680058962, "IIIYIIYIII": 0.03271457680058962, "IIZIIIZIII": 0.20565507730881544, "IIXIIIXIII": 0.024944862269962332, "IIYIIIYIII": 0.024944862269962332, "IZIIIIZIII": 0.21523009377079058, "IXIIIIXIII": 0.02400008136197436, "IYIIIIYIII": 0.02400008136197436, "ZIIIIIZIII": 0.21585327981168378, "XIIIIIXIII": 0.018687238101871843, "YIIIIIYIII": 0.018687238101871843, "IIIIZZIIII": 0.20825274249075137, "IIIIXXIIII": 0.03533361443800406, "IIIIYYIIII": 0.03533361443800406, "IIIZIZIIII": 0.1980946060417001, "IIIXIXIIII": 0.030844238396329268, "IIIYIYIIII": 0.030844238396329268, "IIZIIZIIII": 0.20620662001752643, "IIXIIXIIII": 0.028598848122711865, "IIYIIYIIII": 0.028598848122711865, "IZIIIZIIII": 0.21533780529045507, "IXIIIXIIII": 0.026716318590134888, "IYIIIYIIII": 0.026716318590134888, "ZIIIIZIIII": 0.238553928721804, "XIIIIXIIII": 0.028270479378343948, "YIIIIYIIII": 0.028270479378343948, "IIIZZIIIII": 0.1847668151598453, "IIIXXIIIII": 0.04708433610084524, "IIIYYIIIII": 0.04708433610084524, "IIZIZIIIII": 0.19947437913787391, "IIXIXIIIII": 0.03792431635022426, "IIYIYIIIII": 0.03792431635022426, "IZIIZIIIII": 0.21153091976108218, "IXIIXIIIII": 0.0331993432297831, "IYIIYIIIII": 0.0331993432297831, "ZIIIZIIIII": 0.23580514996451463, "XIIIXIIIII": 0.033764673616461516, "YIIIYIIIII": 0.033764673616461516, "IIZZIIIIII": 0.18947876930900126, "IIXXIIIIII": 0.04802620948598299, "IIYYIIIIII": 0.04802620948598299, "IZIZIIIIII": 0.2039856228234461, "IXIXIIIIII": 0.04299299006058223, "IYIYIIIIII": 0.04299299006058223, "ZIIZIIIIII": 0.2076202945785424, "XIIXIIIIII": 0.03575397203712398, "YIIYIIIIII": 0.03575397203712398, "IZZIIIIIII": 0.19152969863236957, "IXXIIIIIII": 0.052812182111337806, "IYYIIIIIII": 0.052812182111337806, "ZIZIIIIIII": 0.20543845694077414, "XIXIIIIIII": 0.04891950217738568, "YIYIIIIIII": 0.04891950217738568, "ZZIIIIIIII": 0.1954049448613387, "XXIIIIIIII": 0.06732921329960216, "YYIIIIIIII": 0.06732921329960216}, "reference_energy_doci": -4.99142828531483, "reference_energy_fci": -5.209442194744664, "optimizer_config": {"method": "L-BFGS-B", "options": {"maxiter": 1000000, "ftol": 1e-08}}, "recommended_minimum_shots_per_qc": 10000, "vqe_final_energy": -4.991383005061321, "optimal_parameters": [0.034842908914011164, 0.015420624244128158, 0.013170604447233402, 0.010193536052104258, 0.018125944975166373, 0.030412155868584718, 0.02538736189342431, 0.013514838297031406, 0.020514470476360354, 0.009547884155508536, 0.037544744068580986, 0.027759742282646636, 0.03198731457473085, 0.012092317825732047, 0.010490832003765717, 0.05144909803118966, 0.052756266579838354, 0.024685595118716614, 0.019987841955519125, 0.011366872093207206, 0.13940256484407382, 0.04759007977767615, 0.030993044303308705, 0.022136850146898764, 0.022431331752797306], "optimization_info": {"optimizer_method": "L-BFGS-B", "optimizer_options": {"maxiter": 1000000, "ftol": 1e-08}, "convergence_success": true, "optimizer_message": "CONVERGENCE: RELATIVE REDUCTION OF F <= FACTR*EPSMCH", "function_evaluations": 286, "circuits_per_evaluation": 1, "total_circuits": 286, "optimization_time_seconds": 4.970841646194458, "simulation_mode": "exact_statevector", "primitive_version": "v1", "note": "Exact simulation using Qiskit Primitive v1"}}, "instance_id": "44fb9a17"}