{"benchmark_category": "chemistry", "problem_type": "hydrogen_lattice_vqe", "instance_name": "h010_chain_0_75", "num_qubits": 10, "solution_algorithms": ["vqe_puccd"], "data": {"geometry": [["H", 0.0, 0.0, -3.375], ["H", 0.0, 0.0, -2.625], ["H", 0.0, 0.0, -1.875], ["H", 0.0, 0.0, -1.125], ["H", 0.0, 0.0, -0.375], ["H", 0.0, 0.0, 0.375], ["H", 0.0, 0.0, 1.125], ["H", 0.0, 0.0, 1.875], ["H", 0.0, 0.0, 2.625], ["H", 0.0, 0.0, 3.375]], "description": "H10 1D chain, 0.75 Angstroms", "basis": "sto-3g", "mapper": "PairedElectron", "hf_energy": -5.072331892067401, "nuclear_repulsion_energy": 13.610213874508576, "num_spatial_orbitals": 10, "num_alpha": 5, "num_beta": 5, "paired_hamiltonian_dict": {"IIIIIIIIII": 3.8169610155592713, "IIIIIIIIIZ": 0.48560183606181445, "IIIIIIIIZI": 0.43754928457597353, "IIIIIIIIZZ": 0.26092864507692815, "IIIIIIIIXX": 0.06550433760806086, "IIIIIIIIYY": 0.06550433760806086, "IIIIIIIZII": 0.3403627182049828, "IIIIIIIZIZ": 0.2714593747720542, "IIIIIIIXIX": 0.04456702870738134, "IIIIIIIYIY": 0.04456702870738134, "IIIIIIZIII": 0.19253852606931746, "IIIIIIZIIZ": 0.27462408007226297, "IIIIIIXIIX": 0.03222156804655596, "IIIIIIYIIY": 0.03222156804655596, "IIIIIZIIII": -0.016624379481572193, "IIIIIZIIIZ": 0.30276422492735133, "IIIIIXIIIX": 0.0298295667180353, "IIIIIYIIIY": 0.0298295667180353, "IIIIZIIIII": -0.27238757663981095, "IIIIZIIIIZ": 0.3132795609149962, "IIIIXIIIIX": 0.025548447511629827, "IIIIYIIIIY": 0.025548447511629827, "IIIZIIIIII": -0.5933125553574754, "IIIZIIIIIZ": 0.30681238667880806, "IIIXIIIIIX": 0.018741184722654246, "IIIYIIIIIY": 0.018741184722654246, "IIZIIIIIII": -1.0121742486497287, "IIZIIIIIIZ": 0.3264489839997574, "IIXIIIIIIX": 0.01758452517509269, "IIYIIIIIIY": 0.01758452517509269, "IZIIIIIIII": -1.50736031519949, "IZIIIIIIIZ": 0.3408426234094878, "IXIIIIIIIX": 0.015524752049585219, "IYIIIIIIIY": 0.015524752049585219, "ZIIIIIIIII": -1.9918933784390775, "ZIIIIIIIIZ": 0.42178721999923807, "XIIIIIIIIX": 0.019921913067202764, "YIIIIIIIIY": 0.019921913067202764, "IIIIIIIZZI": 0.25423900669651844, "IIIIIIIXXI": 0.05507047349839567, "IIIIIIIYYI": 0.05507047349839567, "IIIIIIZIZI": 0.2681953068697444, "IIIIIIXIXI": 0.041150906408713564, "IIIIIIYIYI": 0.041150906408713564, "IIIIIZIIZI": 0.2842838865275831, "IIIIIXIIXI": 0.032842939198361364, "IIIIIYIIYI": 0.032842939198361364, "IIIIZIIIZI": 0.2953725233266806, "IIIIXIIIXI": 0.026985962460504838, "IIIIYIIIYI": 0.026985962460504838, "IIIZIIIIZI": 0.30185844881106816, "IIIXIIIIXI": 0.02292331863072243, "IIIYIIIIYI": 0.02292331863072243, "IIZIIIIIZI": 0.31348293173325237, "IIXIIIIIXI": 0.018616791563557313, "IIYIIIIIYI": 0.018616791563557313, "IZIIIIIIZI": 0.3508645034500558, "IXIIIIIIXI": 0.021230879678986504, "IYIIIIIIYI": 0.021230879678986504, "ZIIIIIIIZI": 0.34329710698666827, "XIIIIIIIXI": 0.01468836788963707, "YIIIIIIIYI": 0.01468836788963707, "IIIIIIZZII": 0.25404873352658736, "IIIIIIXXII": 0.05323606598064689, "IIIIIIYYII": 0.05323606598064689, "IIIIIZIZII": 0.27235794300559607, "IIIIIXIXII": 0.040816576219613036, "IIIIIYIYII": 0.040816576219613036, "IIIIZIIZII": 0.28639345732041344, "IIIIXIIXII": 0.031123626176518558, "IIIIYIIYII": 0.031123626176518558, "IIIZIIIZII": 0.2945495946053671, "IIIXIIIXII": 0.026168275436004345, "IIIYIIIYII": 0.026168275436004345, "IIZIIIIZII": 0.31660144173219096, "IIXIIIIXII": 0.025607977777819695, "IIYIIIIYII": 0.025607977777819695, "IZIIIIIZII": 0.31678542588295544, "IXIIIIIXII": 0.017635016135196753, "IYIIIIIYII": 0.017635016135196753, "ZIIIIIIZII": 0.33078584635862485, "XIIIIIIXII": 0.015723455642341132, "YIIIIIIYII": 0.015723455642341132, "IIIIIZZIII": 0.25705136130038375, "IIIIIXXIII": 0.05513178365978295, "IIIIIYYIII": 0.05513178365978295, "IIIIZIZIII": 0.2785736666031573, "IIIIXIXIII": 0.036990889746118576, "IIIIYIYIII": 0.036990889746118576, "IIIZIIZIII": 0.2928739594191781, "IIIXIIXIII": 0.03318480910839488, "IIIYIIYIII": 0.03318480910839488, "IIZIIIZIII": 0.29976420351621047, "IIXIIIXIII": 0.02530874128303527, "IIYIIIYIII": 0.02530874128303527, "IZIIIIZIII": 0.312968995674672, "IXIIIIXIII": 0.021875491128551968, "IYIIIIYIII": 0.021875491128551968, "ZIIIIIZIII": 0.32058750478447684, "XIIIIIXIII": 0.01728533824227672, "YIIIIIYIII": 0.01728533824227672, "IIIIZZIIII": 0.2844407262801557, "IIIIXXIIII": 0.04370745236923151, "IIIIYYIIII": 0.04370745236923151, "IIIZIZIIII": 0.2869524119454573, "IIIXIXIIII": 0.03726914994654574, "IIIYIYIIII": 0.03726914994654574, "IIZIIZIIII": 0.30339245166064643, "IIXIIXIIII": 0.03194772862095314, "IIYIIYIIII": 0.03194772862095314, "IZIIIZIIII": 0.31909598952762686, "IXIIIXIIII": 0.02742828487746328, "IYIIIYIIII": 0.02742828487746328, "ZIIIIZIIII": 0.34403293323632567, "XIIIIXIIII": 0.025441536649353794, "YIIIIYIIII": 0.025441536649353794, "IIIZZIIIII": 0.27490290287349717, "IIIXXIIIII": 0.056465721876992496, "IIIYYIIIII": 0.056465721876992496, "IIZIZIIIII": 0.2993463032795757, "IIXIXIIIII": 0.04316238071312981, "IIYIYIIIII": 0.04316238071312981, "IZIIZIIIII": 0.31928808287699545, "IXIIXIIIII": 0.035348302494532254, "IYIIYIIIII": 0.035348302494532254, "ZIIIZIIIII": 0.3469729076808395, "XIIIXIIIII": 0.03219143902703776, "YIIIYIIIII": 0.03219143902703776, "IIZZIIIIII": 0.28868841927618444, "IIXXIIIIII": 0.056437531393085126, "IIYYIIIIII": 0.056437531393085126, "IZIZIIIIII": 0.31167802162392744, "IXIXIIIIII": 0.046686793776316106, "IYIYIIIIII": 0.046686793776316106, "ZIIZIIIIII": 0.32774931099159316, "XIIXIIIIII": 0.03916536183498655, "YIIYIIIIII": 0.03916536183498655, "IZZIIIIIII": 0.3054739044209464, "IXXIIIIIII": 0.06504566657001368, "IYYIIIIIII": 0.06504566657001368, "ZIZIIIIIII": 0.333143978545151, "XIXIIIIIII": 0.05865118625570051, "YIYIIIIIII": 0.05865118625570051, "ZZIIIIIIII": 0.3219116556031787, "XXIIIIIIII": 0.08972281938694016, "YYIIIIIIII": 0.08972281938694016}, "reference_energy_doci": -5.10112523043154, "reference_energy_fci": -5.180667158366843, "optimizer_config": {"method": "L-BFGS-B", "options": {"maxiter": 1000000, "ftol": 1e-08}}, "recommended_minimum_shots_per_qc": 10000, "vqe_final_energy": -5.101117405463134, "optimal_parameters": [0.01810808900121835, 0.009872726945387048, 0.0075878446499301425, 0.005230039484895341, 0.0064547650686867745, 0.020018760439122204, 0.013641135605569742, 0.00821219963978526, 0.008162719778443104, 0.004134808636669909, 0.027462874113582336, 0.01735602005164916, 0.01332759535170941, 0.0062600079297200194, 0.00453924161094924, 0.04436598715115035, 0.02756466045419479, 0.013527409058690276, 0.00857469891674974, 0.005045299413342979, 0.10530584853930995, 0.037501758415418744, 0.019569440023753656, 0.011396104111643704, 0.008268770826053302], "optimization_info": {"optimizer_method": "L-BFGS-B", "optimizer_options": {"maxiter": 1000000, "ftol": 1e-08}, "convergence_success": true, "optimizer_message": "CONVERGENCE: RELATIVE REDUCTION OF F <= FACTR*EPSMCH", "function_evaluations": 338, "circuits_per_evaluation": 1, "total_circuits": 338, "optimization_time_seconds": 5.872491836547852, "simulation_mode": "exact_statevector", "primitive_version": "v1", "note": "Exact simulation using Qiskit Primitive v1"}}, "instance_id": "5e3d4594"}