{"benchmark_category": "chemistry", "problem_type": "hydrogen_lattice_vqe", "instance_name": "h010_chain_1_75", "num_qubits": 10, "solution_algorithms": ["vqe_puccd"], "data": {"geometry": [["H", 0.0, 0.0, -7.875], ["H", 0.0, 0.0, -6.125], ["H", 0.0, 0.0, -4.375], ["H", 0.0, 0.0, -2.625], ["H", 0.0, 0.0, -0.875], ["H", 0.0, 0.0, 0.875], ["H", 0.0, 0.0, 2.625], ["H", 0.0, 0.0, 4.375], ["H", 0.0, 0.0, 6.125], ["H", 0.0, 0.0, 7.875]], "description": "H10 1D chain, 1.75 Angstroms", "basis": "sto-3g", "mapper": "PairedElectron", "hf_energy": -4.249991908523979, "nuclear_repulsion_energy": 5.832948803360823, "num_spatial_orbitals": 10, "num_alpha": 5, "num_beta": 5, "paired_hamiltonian_dict": {"IIIIIIIIII": -1.940569721680021, "IIIIIIIIIZ": 0.21384867380420428, "IIIIIIIIZI": 0.19925282455588517, "IIIIIIIIZZ": 0.13467035264904625, "IIIIIIIIXX": 0.04930802302726225, "IIIIIIIIYY": 0.04930802302726225, "IIIIIIIZII": 0.17412047431582184, "IIIIIIIZIZ": 0.1423944627956094, "IIIIIIIXIX": 0.038399284358354616, "IIIIIIIYIY": 0.038399284358354616, "IIIIIIZIII": 0.1386060148051384, "IIIIIIZIIZ": 0.1456632170891393, "IIIIIIXIIX": 0.030311712996546794, "IIIIIIYIIY": 0.030311712996546794, "IIIIIZIIII": 0.0965034201535292, "IIIIIZIIIZ": 0.17690250673416488, "IIIIIXIIIX": 0.03427670018879172, "IIIIIYIIIY": 0.03427670018879172, "IIIIZIIIII": 0.05093657841627533, "IIIIZIIIIZ": 0.18165761576745007, "IIIIXIIIIX": 0.030879852913049774, "IIIIYIIIIY": 0.030879852913049774, "IIIZIIIIII": -0.0017413805322069875, "IIIZIIIIIZ": 0.15944954763909297, "IIIXIIIIIX": 0.02001488362497781, "IIIYIIIIIY": 0.02001488362497781, "IIZIIIIIII": -0.058473586616741596, "IIZIIIIIIZ": 0.16618354662572304, "IIXIIIIIIX": 0.01946680863628228, "IIYIIIIIIY": 0.01946680863628228, "IZIIIIIIII": -0.10876703012810643, "IZIIIIIIIZ": 0.17047135117453155, "IXIIIIIIIX": 0.018526971009574362, "IYIIIIIIIY": 0.018526971009574362, "ZIIIIIIIII": -0.14420142090833887, "ZIIIIIIIIZ": 0.2194039350000097, "XIIIIIIIIX": 0.027056489672717083, "YIIIIIIIIY": 0.027056489672717083, "IIIIIIIZZI": 0.13411921460383286, "IIIIIIIXXI": 0.041979763876504234, "IIIIIIIYYI": 0.041979763876504234, "IIIIIIZIZI": 0.1494796786820575, "IIIIIIXIXI": 0.03961757331022444, "IIIIIIYIYI": 0.03961757331022444, "IIIIIZIIZI": 0.15472495321908897, "IIIIIXIIXI": 0.03119663432673721, "IIIIIYIIYI": 0.03119663432673721, "IIIIZIIIZI": 0.1602299637556271, "IIIIXIIIXI": 0.026467171982332918, "IIIIYIIIYI": 0.026467171982332918, "IIIZIIIIZI": 0.1646367156575622, "IIIXIIIIXI": 0.027255059422924447, "IIIYIIIIYI": 0.027255059422924447, "IIZIIIIIZI": 0.1605206222025453, "IIXIIIIIXI": 0.01953032079128941, "IIYIIIIIYI": 0.01953032079128941, "IZIIIIIIZI": 0.1900397851371182, "IXIIIIIIXI": 0.02781960730577611, "IYIIIIIIYI": 0.02781960730577611, "ZIIIIIIIZI": 0.1728077849763451, "XIIIIIIIXI": 0.018963167293477273, "YIIIIIIIYI": 0.018963167293477273, "IIIIIIZZII": 0.13837857521087327, "IIIIIIXXII": 0.04230441494796078, "IIIIIIYYII": 0.04230441494796078, "IIIIIZIZII": 0.1471474644569892, "IIIIIXIXII": 0.03485598203355761, "IIIIIYIYII": 0.03485598203355761, "IIIIZIIZII": 0.15561698322219472, "IIIIXIIXII": 0.02695847225336406, "IIIIYIIYII": 0.02695847225336406, "IIIZIIIZII": 0.15710491015334485, "IIIXIIIXII": 0.02563133172043224, "IIIYIIIYII": 0.02563133172043224, "IIZIIIIZII": 0.17880509304411396, "IIXIIIIXII": 0.034481935017414686, "IIYIIIIYII": 0.034481935017414686, "IZIIIIIZII": 0.16278208293780944, "IXIIIIIXII": 0.020121390607584205, "IYIIIIIYII": 0.020121390607584205, "ZIIIIIIZII": 0.16841448041117849, "XIIIIIIXII": 0.019724038631701225, "YIIIIIIYII": 0.019724038631701225, "IIIIIZZIII": 0.1374905874505691, "IIIIIXXIII": 0.04256334696654435, "IIIIIYYIII": 0.04256334696654435, "IIIIZIZIII": 0.1528139323637483, "IIIIXIXIII": 0.027393356766219762, "IIIIYIYIII": 0.027393356766219762, "IIIZIIZIII": 0.16666623142673395, "IIIXIIXIII": 0.034378878786223525, "IIIYIIYIII": 0.034378878786223525, "IIZIIIZIII": 0.15926292474016907, "IIXIIIXIII": 0.026287547122795116, "IIYIIIYIII": 0.026287547122795116, "IZIIIIZIII": 0.1682125768047687, "IXIIIIXIII": 0.02802367715816977, "IYIIIIYIII": 0.02802367715816977, "ZIIIIIZIII": 0.16296472940853493, "XIIIIIXIII": 0.020559572324250475, "YIIIIIYIII": 0.020559572324250475, "IIIIZZIIII": 0.1737948851696181, "IIIIXXIIII": 0.03282584656275224, "IIIIYYIIII": 0.03282584656275224, "IIIZIZIIII": 0.15507535905148445, "IIIXIXIIII": 0.028158163203948348, "IIIYIYIIII": 0.028158163203948348, "IIZIIZIIII": 0.15921230969997, "IIXIIXIIII": 0.027882366950761777, "IIYIIYIIII": 0.027882366950761777, "IZIIIZIIII": 0.16482794766062497, "IXIIIXIIII": 0.027470862736707503, "IYIIIYIIII": 0.027470862736707503, "ZIIIIZIIII": 0.1881836342775224, "XIIIIXIIII": 0.0321881722539595, "YIIIIYIIII": 0.0321881722539595, "IIIZZIIIII": 0.1411037382277838, "IIIXXIIIII": 0.04348189311313633, "IIIYYIIIII": 0.04348189311313633, "IIZIZIIIII": 0.15214893444723737, "IIXIXIIIII": 0.036245856356146584, "IIYIYIIIII": 0.036245856356146584, "IZIIZIIIII": 0.16074446735523443, "IXIIXIIIII": 0.03283577781222895, "IYIIYIIIII": 0.03283577781222895, "ZIIIZIIIII": 0.1855573742388586, "XIIIXIIIII": 0.03664440785703799, "YIIIYIIIII": 0.03664440785703799, "IIZZIIIIII": 0.14435426511930913, "IIXXIIIIII": 0.04432599691323226, "IIYYIIIIII": 0.04432599691323226, "IZIZIIIIII": 0.1573756517392103, "IXIXIIIIII": 0.04279358599779127, "IYIYIIIIII": 0.04279358599779127, "ZIIZIIIIII": 0.15446072884848866, "XIIXIIIIII": 0.033846351976290635, "YIIYIIIIII": 0.033846351976290635, "IZZIIIIIII": 0.14242086438227486, "IXXIIIIIII": 0.046224648695196144, "IYYIIIIIII": 0.046224648695196144, "ZIZIIIIIII": 0.15160224669077754, "XIXIIIIIII": 0.04343116201086099, "YIYIIIIIII": 0.04343116201086099, "ZZIIIIIIII": 0.14355572492701657, "XXIIIIIIII": 0.055906324824070784, "YYIIIIIIII": 0.055906324824070784}, "reference_energy_doci": -4.310941290265019, "reference_energy_fci": -4.837368118759313, "optimizer_config": {"method": "L-BFGS-B", "options": {"maxiter": 1000000, "ftol": 1e-08}}, "recommended_minimum_shots_per_qc": 10000, "vqe_final_energy": -4.310770889492057, "optimal_parameters": [0.06068223974246695, 0.019548411040184392, 0.018898768865916838, 0.015640859099159878, 0.03947710995976154, 0.038610595062915865, 0.04463055625238296, 0.017804857567835525, 0.04264112184378586, 0.015940283675280907, 0.04228337003236295, 0.037561855586540294, 0.07011840514049147, 0.01816026299787163, 0.01744038535441828, 0.0433790690453452, 0.09230528771380879, 0.037079737415387316, 0.04071207852726182, 0.01752610484208645, 0.1737138194767329, 0.044283309284574655, 0.03958057896664557, 0.03384946444603562, 0.049289177000986936], "optimization_info": {"optimizer_method": "L-BFGS-B", "optimizer_options": {"maxiter": 1000000, "ftol": 1e-08}, "convergence_success": true, "optimizer_message": "CONVERGENCE: RELATIVE REDUCTION OF F <= FACTR*EPSMCH", "function_evaluations": 312, "circuits_per_evaluation": 1, "total_circuits": 312, "optimization_time_seconds": 5.274977922439575, "simulation_mode": "exact_statevector", "primitive_version": "v1", "note": "Exact simulation using Qiskit Primitive v1"}}, "instance_id": "5dd21851"}