{"benchmark_category": "chemistry", "problem_type": "hydrogen_lattice_vqe", "instance_name": "h010_chain_1_50", "num_qubits": 10, "solution_algorithms": ["vqe_puccd"], "data": {"geometry": [["H", 0.0, 0.0, -6.75], ["H", 0.0, 0.0, -5.25], ["H", 0.0, 0.0, -3.75], ["H", 0.0, 0.0, -2.25], ["H", 0.0, 0.0, -0.75], ["H", 0.0, 0.0, 0.75], ["H", 0.0, 0.0, 2.25], ["H", 0.0, 0.0, 3.75], ["H", 0.0, 0.0, 5.25], ["H", 0.0, 0.0, 6.75]], "description": "H10 1D chain, 1.50 Angstroms", "basis": "sto-3g", "mapper": "PairedElectron", "hf_energy": -4.594075893791913, "nuclear_repulsion_energy": 6.805106937254288, "num_spatial_orbitals": 10, "num_alpha": 5, "num_beta": 5, "paired_hamiltonian_dict": {"IIIIIIIIII": -1.6093169907851037, "IIIIIIIIIZ": 0.26015620165948106, "IIIIIIIIZI": 0.24135143865930744, "IIIIIIIIZZ": 0.15170293318137257, "IIIIIIIIXX": 0.05221479468908073, "IIIIIIIIYY": 0.05221479468908073, "IIIIIIIZII": 0.20801809881555477, "IIIIIIIZIZ": 0.16054961464971207, "IIIIIIIXIX": 0.0398057581220847, "IIIIIIIYIY": 0.0398057581220847, "IIIIIIZIII": 0.15968785560741783, "IIIIIIZIIZ": 0.16445742759658133, "IIIIIIXIIX": 0.030977336248366443, "IIIIIIYIIY": 0.030977336248366443, "IIIIIZIIII": 0.09908153161171314, "IIIIIZIIIZ": 0.19450772505507763, "IIIIIXIIIX": 0.03299620031885168, "IIIIIYIIIY": 0.03299620031885168, "IIIIZIIIII": 0.03056213088497274, "IIIIZIIIIZ": 0.19973134267260734, "IIIIXIIIIX": 0.02912820088196162, "IIIIYIIIIY": 0.02912820088196162, "IIIZIIIIII": -0.049644539499097196, "IIIZIIIIIZ": 0.18019470261625467, "IIIXIIIIIX": 0.01935130656995746, "IIIYIIIIIY": 0.01935130656995746, "IIZIIIIIII": -0.13866249015572624, "IIZIIIIIIZ": 0.1881597859344109, "IIXIIIIIIX": 0.018562483423367897, "IIYIIIIIIY": 0.018562483423367897, "IZIIIIIIII": -0.2214119237662485, "IZIIIIIIIZ": 0.19365522616431868, "IXIIIIIIIX": 0.017472524495857553, "IYIIIIIIIY": 0.017472524495857553, "ZIIIIIIIII": -0.2824322342134691, "ZIIIIIIIIZ": 0.24765380906237525, "XIIIIIIIIX": 0.025103204227828538, "YIIIIIIIIY": 0.025103204227828538, "IIIIIIIZZI": 0.15104742011667022, "IIIIIIIXXI": 0.044133147431807955, "IIIIIIIYYI": 0.044133147431807955, "IIIIIIZIZI": 0.1656877586373307, "IIIIIIXIXI": 0.03932420126051364, "IIIIIIYIYI": 0.03932420126051364, "IIIIIZIIZI": 0.17337272571224965, "IIIIIXIIXI": 0.031266693348216634, "IIIIIYIIYI": 0.031266693348216634, "IIIIZIIIZI": 0.17947781069193852, "IIIIXIIIXI": 0.026226884267812643, "IIIIYIIIYI": 0.026226884267812643, "IIIZIIIIZI": 0.18313033098418183, "IIIXIIIIXI": 0.02541192265386115, "IIIYIIIIYI": 0.02541192265386115, "IIZIIIIIZI": 0.18178686776682287, "IIXIIIIIXI": 0.018827441653280083, "IIYIIIIIYI": 0.018827441653280083, "IZIIIIIIZI": 0.21297772040865526, "IXIIIIIIXI": 0.025934087339269517, "IYIIIIIIYI": 0.025934087339269517, "ZIIIIIIIZI": 0.1962251916296816, "XIIIIIIIXI": 0.01770722185729042, "YIIIIIIIYI": 0.01770722185729042, "IIIIIIZZII": 0.15487368183282813, "IIIIIIXXII": 0.043623481942121754, "IIIIIIYYII": 0.043623481942121754, "IIIIIZIZII": 0.1653098019576365, "IIIIIXIXII": 0.03542540778261011, "IIIIIYIYII": 0.03542540778261011, "IIIIZIIZII": 0.17422318313196022, "IIIIXIIXII": 0.027308613203339372, "IIIIYIIYII": 0.027308613203339372, "IIIZIIIZII": 0.17638593976460482, "IIIXIIIXII": 0.02513654574043123, "IIIYIIIYII": 0.02513654574043123, "IIZIIIIZII": 0.19767385267855347, "IIXIIIIXII": 0.031611091087978986, "IIYIIIIYII": 0.031611091087978986, "IZIIIIIZII": 0.18447741950469748, "IXIIIIIXII": 0.019175821996058034, "IYIIIIIYII": 0.019175821996058034, "ZIIIIIIZII": 0.19143184317841497, "XIIIIIIXII": 0.018597926377501885, "YIIIIIIYII": 0.018597926377501885, "IIIIIZZIII": 0.15510762120998356, "IIIIIXXIII": 0.043886853610768294, "IIIIIYYIII": 0.043886853610768294, "IIIIZIZIII": 0.17071609592300035, "IIIIXIXIII": 0.028632917185137274, "IIIIYIYIII": 0.028632917185137274, "IIIZIIZIII": 0.1839983880703821, "IIIXIIXIII": 0.03348480927084765, "IIIYIIYIII": 0.03348480927084765, "IIZIIIZIII": 0.1790707368312935, "IIXIIIXIII": 0.025556966795016945, "IIYIIIYIII": 0.025556966795016945, "IZIIIIZIII": 0.1880251181124071, "IXIIIIXIII": 0.0259045761299967, "IYIIIIYIII": 0.0259045761299967, "ZIIIIIZIII": 0.1856199838640725, "XIIIIIXIII": 0.019657647754408862, "YIIIIIYIII": 0.019657647754408862, "IIIIZZIIII": 0.1882394985387553, "IIIIXXIIII": 0.033681549963443844, "IIIIYYIIII": 0.033681549963443844, "IIIZIZIIII": 0.17343989288621608, "IIIXIXIIII": 0.029259742017393703, "IIIYIYIIII": 0.029259742017393703, "IIZIIZIIII": 0.1792294432871422, "IIXIIXIIII": 0.028120825409668582, "IIYIIYIIII": 0.028120825409668582, "IZIIIZIIII": 0.1863343308397033, "IXIIIXIIII": 0.027084809187623717, "IYIIIYIIII": 0.027084809187623717, "ZIIIIZIIII": 0.20943777462717816, "XIIIIXIIII": 0.030230074831481834, "YIIIIYIIII": 0.030230074831481834, "IIIZZIIIII": 0.15985074391773696, "IIIXXIIIII": 0.04488715624661304, "IIIYYIIIII": 0.04488715624661304, "IIZIZIIIII": 0.17231383765299155, "IIXIXIIIII": 0.03687795313346444, "IIYIYIIIII": 0.03687795313346444, "IZIIZIIIII": 0.18230068972841976, "IXIIXIIIII": 0.03297917226874114, "IYIIYIIIII": 0.03297917226874114, "ZIIIZIIIII": 0.20658519271090886, "XIIIXIIIII": 0.03519706787991514, "YIIIYIIIII": 0.03519706787991514, "IIZZIIIIII": 0.16344191270148628, "IIXXIIIIII": 0.04587253961788548, "IIYYIIIIII": 0.04587253961788548, "IZIZIIIIII": 0.17668218649442835, "IXIXIIIIII": 0.0426493295761019, "IYIYIIIIII": 0.0426493295761019, "ZIIZIIIIII": 0.17677266128113855, "XIIXIIIIII": 0.03475439216062466, "YIIYIIIIII": 0.03475439216062466, "IZZIIIIIII": 0.16293020323707258, "IXXIIIIIII": 0.049106392496279745, "IYYIIIIIII": 0.049106392496279745, "ZIZIIIIIII": 0.17398112426469586, "XIXIIIIIII": 0.04585835174557403, "YIYIIIIIII": 0.04585835174557403, "ZZIIIIIIII": 0.1649463073275355, "XXIIIIIIII": 0.060767099367519783, "YYIIIIIIII": 0.060767099367519783}, "reference_energy_doci": -4.643954363644682, "reference_energy_fci": -4.995446726641357, "optimizer_config": {"method": "L-BFGS-B", "options": {"maxiter": 1000000, "ftol": 1e-08}}, "recommended_minimum_shots_per_qc": 10000, "vqe_final_energy": -4.643864350456498, "optimal_parameters": [0.04600488485759631, 0.017739915930138354, 0.01611504499280802, 0.01302616607376605, 0.027335192474999628, 0.03476631009867523, 0.03366444587260513, 0.015974214022216104, 0.03006924015363998, 0.01269463815143887, 0.040632650078475115, 0.03295916257082617, 0.04768980561046873, 0.015370400244199061, 0.01402497745186293, 0.0493708778308787, 0.07042013907730275, 0.031046294046069484, 0.028890183566522357, 0.014643049428341956, 0.1563076364630068, 0.048066294243086005, 0.03607072809446601, 0.02824584225597671, 0.03391835904156119], "optimization_info": {"optimizer_method": "L-BFGS-B", "optimizer_options": {"maxiter": 1000000, "ftol": 1e-08}, "convergence_success": true, "optimizer_message": "CONVERGENCE: RELATIVE REDUCTION OF F <= FACTR*EPSMCH", "function_evaluations": 312, "circuits_per_evaluation": 1, "total_circuits": 312, "optimization_time_seconds": 5.3008317947387695, "simulation_mode": "exact_statevector", "primitive_version": "v1", "note": "Exact simulation using Qiskit Primitive v1"}}, "instance_id": "1b35fb45"}