{"benchmark_category": "chemistry", "problem_type": "hydrogen_lattice_vqe", "instance_name": "h010_chain_2_00", "num_qubits": 10, "solution_algorithms": ["vqe_puccd"], "data": {"geometry": [["H", 0.0, 0.0, -9.0], ["H", 0.0, 0.0, -7.0], ["H", 0.0, 0.0, -5.0], ["H", 0.0, 0.0, -3.0], ["H", 0.0, 0.0, -1.0], ["H", 0.0, 0.0, 1.0], ["H", 0.0, 0.0, 3.0], ["H", 0.0, 0.0, 5.0], ["H", 0.0, 0.0, 7.0], ["H", 0.0, 0.0, 9.0]], "description": "H10 1D chain, 2.00 Angstroms", "basis": "sto-3g", "mapper": "PairedElectron", "hf_energy": -3.954499940084741, "nuclear_repulsion_energy": 5.103830202940715, "num_spatial_orbitals": 10, "num_alpha": 5, "num_beta": 5, "paired_hamiltonian_dict": {"IIIIIIIIII": -2.1098626585392997, "IIIIIIIIIZ": 0.1770199771098097, "IIIIIIIIZI": 0.16582527016069148, "IIIIIIIIZZ": 0.12176872896392317, "IIIIIIIIXX": 0.04708851808026215, "IIIIIIIIYY": 0.04708851808026215, "IIIIIIIZII": 0.14696799226922325, "IIIIIIIZIZ": 0.12852478271822676, "IIIIIIIXIX": 0.03732953279604636, "IIIIIIIYIY": 0.03732953279604636, "IIIIIIZIII": 0.12104595213373429, "IIIIIIZIIZ": 0.1312409957083885, "IIIIIIXIIX": 0.02982965969649748, "IIIIIIYIIY": 0.02982965969649748, "IIIIIZIIII": 0.09211896580016886, "IIIIIZIIIZ": 0.16357129627080572, "IIIIIXIIIX": 0.03576253217749688, "IIIIIYIIIY": 0.03576253217749688, "IIIIZIIIII": 0.0623327949674594, "IIIIZIIIIZ": 0.16791200444670015, "IIIIXIIIIX": 0.03282130460242279, "IIIIYIIIIY": 0.03282130460242279, "IIIZIIIIII": 0.027950791500407884, "IIIZIIIIIZ": 0.1433748802806042, "IIIXIIIIIX": 0.020785688874144097, "IIIYIIIIIY": 0.020785688874144097, "IIZIIIIIII": -0.008585147212922778, "IIZIIIIIIZ": 0.14923525432481344, "IIXIIIIIIX": 0.02043723321549835, "IIYIIIIIIY": 0.02043723321549835, "IZIIIIIIII": -0.039863678595519036, "IZIIIIIIIZ": 0.1527373003476793, "IXIIIIIIIX": 0.019591474148894925, "IYIIIIIIIY": 0.019591474148894925, "ZIIIIIIIII": -0.061140733828491264, "ZIIIIIIIIZ": 0.19774516679050147, "XIIIIIIIIX": 0.028915353219475203, "YIIIIIIIIY": 0.028915353219475203, "IIIIIIIZZI": 0.12110063578887158, "IIIIIIIXXI": 0.04031694156360285, "IIIIIIIYYI": 0.04031694156360285, "IIIIIIZIZI": 0.13750131704581917, "IIIIIIXIXI": 0.04039935449038747, "IIIIIIYIYI": 0.04039935449038747, "IIIIIZIIZI": 0.14020048430847645, "IIIIIXIIXI": 0.03129061251594842, "IIIIIYIIYI": 0.03129061251594842, "IIIIZIIIZI": 0.1452337441734086, "IIIIXIIIXI": 0.026784560999225646, "IIIIYIIIYI": 0.026784560999225646, "IIIZIIIIZI": 0.15080262297398295, "IIIXIIIIXI": 0.029371828613746313, "IIIYIIIIYI": 0.029371828613746313, "IIZIIIIIZI": 0.1440514125416914, "IIXIIIIIXI": 0.020277128294335534, "IIYIIIIIYI": 0.020277128294335534, "IZIIIIIIZI": 0.1722270180075823, "IXIIIIIIXI": 0.029603247047453575, "IYIIIIIIYI": 0.029603247047453575, "ZIIIIIIIZI": 0.154872746202059, "XIIIIIIIXI": 0.020162269733712435, "YIIIIIIIYI": 0.020162269733712435, "IIIIIIZZII": 0.12563953028820868, "IIIIIIXXII": 0.041458606746476445, "IIIIIIYYII": 0.041458606746476445, "IIIIIZIZII": 0.13295928211034003, "IIIIIXIXII": 0.034606369195056136, "IIIIIYIYII": 0.034606369195056136, "IIIIZIIZII": 0.14119187743813288, "IIIIXIIXII": 0.02677717788781945, "IIIIYIIYII": 0.02677717788781945, "IIIZIIIZII": 0.1421957171191342, "IIIXIIIXII": 0.026169767351383502, "IIIYIIIYII": 0.026169767351383502, "IIZIIIIZII": 0.16461445294919985, "IIXIIIIXII": 0.03745038438355439, "IIYIIIIYII": 0.03745038438355439, "IZIIIIIZII": 0.14598319039541843, "IXIIIIIXII": 0.021020151936302977, "IYIIIIIYII": 0.021020151936302977, "ZIIIIIIZII": 0.15069308099014328, "XIIIIIIXII": 0.020781702326009843, "YIIIIIIYII": 0.020781702326009843, "IIIIIZZIII": 0.12369817995201084, "IIIIIXXIII": 0.04174611839835212, "IIIIIYYIII": 0.04174611839835212, "IIIIZIZIII": 0.13894649560124556, "IIIIXIXIII": 0.026490976976576368, "IIIIYIYIII": 0.026490976976576368, "IIIZIIZIII": 0.15345199069977894, "IIIXIIXIII": 0.03520070641454337, "IIIYIIYIII": 0.03520070641454337, "IIZIIIZIII": 0.143955991838152, "IIXIIIXIII": 0.026952995313970583, "IIYIIIYIII": 0.026952995313970583, "IZIIIIZIII": 0.153409430075945, "IXIIIIXIII": 0.030254181935013037, "IYIIIIYIII": 0.030254181935013037, "ZIIIIIZIII": 0.14556659372745834, "XIIIIIXIII": 0.021413572633268846, "YIIIIIYIII": 0.021413572633268846, "IIIIZZIIII": 0.16289302124100055, "IIIIXXIIII": 0.03252345114701339, "IIIIYYIIII": 0.03252345114701339, "IIIZIZIIII": 0.14090063943973496, "IIIXIXIIII": 0.027331043802606737, "IIIYIYIIII": 0.027331043802606737, "IIZIIZIIII": 0.14379873847132202, "IIXIIXIIII": 0.02771588016217952, "IIYIIYIIII": 0.02771588016217952, "IZIIIZIIII": 0.14825806830568805, "IXIIIXIIII": 0.02778141905680706, "IYIIIYIIII": 0.02778141905680706, "ZIIIIZIIII": 0.17213547565772555, "XIIIIXIIII": 0.034098289959622274, "YIIIIYIIII": 0.034098289959622274, "IIIZZIIIII": 0.12649029697798322, "IIIXXIIIII": 0.0425284827002995, "IIIYYIIIII": 0.0425284827002995, "IIZIZIIIII": 0.13655943861851927, "IIXIXIIIII": 0.03583378292001638, "IIYIYIIIII": 0.03583378292001638, "IZIIZIIIII": 0.14416959386676403, "IXIIXIIIII": 0.03269215141440162, "IYIIYIIIII": 0.03269215141440162, "ZIIIZIIIII": 0.1698335888919207, "XIIIXIIIII": 0.03807670614758505, "YIIIYIIIII": 0.03807670614758505, "IIZZIIIIII": 0.129730627852959, "IIXXIIIIII": 0.04310171669615356, "IIYYIIIIII": 0.04310171669615356, "IZIZIIIIII": 0.14327591232422007, "IXIXIIIIII": 0.043307159459577256, "IYIYIIIIII": 0.043307159459577256, "ZIIZIIIIII": 0.1377535838729645, "XIIXIIIIII": 0.03306625239481023, "YIIYIIIIII": 0.03306625239481023, "IZZIIIIIII": 0.12704215819030162, "IXXIIIIIII": 0.04391692813928282, "IYYIIIIIII": 0.04391692813928282, "ZIZIIIIIII": 0.13496691158925617, "XIXIIIIIII": 0.04148918902701673, "YIYIIIIIII": 0.04148918902701673, "ZZIIIIIIII": 0.12780641779639126, "XXIIIIIIII": 0.05222433751135311, "YYIIIIIIII": 0.05222433751135311}, "reference_energy_doci": -4.0289020783073095, "reference_energy_fci": -4.746236340119184, "optimizer_config": {"method": "L-BFGS-B", "options": {"maxiter": 1000000, "ftol": 1e-08}}, "recommended_minimum_shots_per_qc": 10000, "vqe_final_energy": -4.028583877863143, "optimal_parameters": [0.07985271859705016, 0.020546478662811597, 0.02099123906652807, 0.01757684696158483, 0.05502736875348115, 0.041301764105451326, 0.05909020334630323, 0.01827313812236334, 0.05874532297467003, 0.01867783464226943, 0.041748331511889405, 0.040263495617562144, 0.10201659210017233, 0.019660296934870612, 0.020086120708185776, 0.03365455635113831, 0.11822931468431078, 0.04127288817601892, 0.05618261022351799, 0.01937860003562878, 0.19116515928917205, 0.03610777059077526, 0.04053469257983234, 0.038093029566227204, 0.069629576365559], "optimization_info": {"optimizer_method": "L-BFGS-B", "optimizer_options": {"maxiter": 1000000, "ftol": 1e-08}, "convergence_success": true, "optimizer_message": "CONVERGENCE: RELATIVE REDUCTION OF F <= FACTR*EPSMCH", "function_evaluations": 286, "circuits_per_evaluation": 1, "total_circuits": 286, "optimization_time_seconds": 4.55775260925293, "simulation_mode": "exact_statevector", "primitive_version": "v1", "note": "Exact simulation using Qiskit Primitive v1"}}, "instance_id": "281b854f"}