{"benchmark_category": "chemistry", "problem_type": "hydrogen_lattice_vqe", "instance_name": "h010_chain_1_00", "num_qubits": 10, "solution_algorithms": ["vqe_puccd"], "data": {"geometry": [["H", 0.0, 0.0, -4.5], ["H", 0.0, 0.0, -3.5], ["H", 0.0, 0.0, -2.5], ["H", 0.0, 0.0, -1.5], ["H", 0.0, 0.0, -0.5], ["H", 0.0, 0.0, 0.5], ["H", 0.0, 0.0, 1.5], ["H", 0.0, 0.0, 2.5], ["H", 0.0, 0.0, 3.5], ["H", 0.0, 0.0, 4.5]], "description": "H10 1D chain, 1.00 Angstroms", "basis": "sto-3g", "mapper": "PairedElectron", "hf_energy": -5.214068803028679, "nuclear_repulsion_energy": 10.20766040588143, "num_spatial_orbitals": 10, "num_alpha": 5, "num_beta": 5, "paired_hamiltonian_dict": {"IIIIIIIIII": 0.46169732845392064, "IIIIIIIIIZ": 0.3887137170626127, "IIIIIIIIZI": 0.35644658192699585, "IIIIIIIIZZ": 0.20869359872661594, "IIIIIIIIXX": 0.06050870266196673, "IIIIIIIIYY": 0.06050870266196673, "IIIIIIIZII": 0.2940255443370217, "IIIIIIIZIZ": 0.21958103418883937, "IIIIIIIXIX": 0.04336284253608124, "IIIIIIIYIY": 0.04336284253608124, "IIIIIIZIII": 0.1998438407002018, "IIIIIIZIIZ": 0.22409968882747655, "IIIIIIXIIX": 0.032388262873112465, "IIIIIIYIIY": 0.032388262873112465, "IIIIIZIIII": 0.07066929914765446, "IIIIIZIIIZ": 0.2524947906370346, "IIIIIXIIIX": 0.031140932341328306, "IIIIIYIIIY": 0.031140932341328306, "IIIIZIIIII": -0.08504176277931702, "IIIIZIIIIZ": 0.25961660222130156, "IIIIXIIIIX": 0.026640001587389245, "IIIIYIIIIY": 0.026640001587389245, "IIIZIIIIII": -0.27692691549700044, "IIIZIIIIIZ": 0.24672951879287133, "IIIXIIIIIX": 0.01871434759390863, "IIIYIIIIIY": 0.01871434759390863, "IIZIIIIIII": -0.5130597364880043, "IIZIIIIIIZ": 0.2601326054703428, "IIXIIIIIIX": 0.017561727348556894, "IIYIIIIIIY": 0.017561727348556894, "IZIIIIIIII": -0.7638321864925233, "IZIIIIIIIZ": 0.27032519927393567, "IXIIIIIIIX": 0.015911613553593447, "IYIIIIIIIY": 0.015911613553593447, "ZIIIIIIIII": -0.9749024218618542, "ZIIIIIIIIZ": 0.3397516471900349, "XIIIIIIIIX": 0.021494466852895047, "YIIIIIIIIY": 0.021494466852895047, "IIIIIIIZZI": 0.2058554175149256, "IIIIIIIXXI": 0.05053842867277215, "IIIIIIIYYI": 0.05053842867277215, "IIIIIIZIZI": 0.22004834654147226, "IIIIIIXIXI": 0.04033530364774695, "IIIIIIYIYI": 0.04033530364774695, "IIIIIZIIZI": 0.23285017103500957, "IIIIIXIIXI": 0.03221477700986615, "IIIIIYIIYI": 0.03221477700986615, "IIIIZIIIZI": 0.24106723450035109, "IIIIXIIIXI": 0.02647221769834573, "IIIIYIIIYI": 0.02647221769834573, "IIIZIIIIZI": 0.245014288629355, "IIIXIIIIXI": 0.023168257245233363, "IIIYIIIIYI": 0.023168257245233363, "IIZIIIIIZI": 0.2507594448798335, "IIXIIIIIXI": 0.018192423874196197, "IIYIIIIIYI": 0.018192423874196197, "IZIIIIIIZI": 0.2862751240338015, "IXIIIIIIXI": 0.022499421041442917, "IYIIIIIIYI": 0.022499421041442917, "ZIIIIIIIZI": 0.2730756199267007, "XIIIIIIIXI": 0.015425733688959487, "YIIIIIIIYI": 0.015425733688959487, "IIIIIIZZII": 0.20791101840594287, "IIIIIIXXII": 0.04878139641440807, "IIIIIIYYII": 0.04878139641440807, "IIIIIZIZII": 0.22274976973598806, "IIIIIXIXII": 0.03824326143035776, "IIIIIYIYII": 0.03824326143035776, "IIIIZIIZII": 0.23384897155706114, "IIIIXIIXII": 0.029183320544267526, "IIIIYIIYII": 0.029183320544267526, "IIIZIIIZII": 0.23873939610624442, "IIIXIIIXII": 0.025154260452197815, "IIIYIIIYII": 0.025154260452197815, "IIZIIIIZII": 0.260050839979483, "IIXIIIIXII": 0.026890287619724184, "IIYIIIIYII": 0.026890287619724184, "IZIIIIIZII": 0.2544045431797517, "IXIIIIIXII": 0.01767299430976599, "IYIIIIIYII": 0.01767299430976599, "ZIIIIIIZII": 0.265334107172882, "XIIIIIIXII": 0.016395928016733154, "YIIIIIIYII": 0.016395928016733154, "IIIIIZZIII": 0.21009619063027882, "IIIIIXXIII": 0.04955970935122036, "IIIIIYYIII": 0.04955970935122036, "IIIIZIZIII": 0.22809383896774196, "IIIIXIXIII": 0.033014073801400236, "IIIIYIYIII": 0.033014073801400236, "IIIZIIZIII": 0.24105092846788748, "IIIXIIXIII": 0.032393619819790706, "IIIYIIYIII": 0.032393619819790706, "IIZIIIZIII": 0.2430932458316037, "IIXIIIXIII": 0.024748322779903176, "IIYIIIYIII": 0.024748322779903176, "IZIIIIZIII": 0.2539986613962846, "IXIIIIXIII": 0.02254138078491983, "IYIIIIYIII": 0.02254138078491983, "ZIIIIIZIII": 0.25776271957338004, "XIIIIIXIII": 0.01776565694669179, "YIIIIIYIII": 0.01776565694669179, "IIIIZZIIII": 0.23777081915600934, "IIIIXXIIII": 0.0382323396940834, "IIIIYYIIII": 0.0382323396940834, "IIIZIZIIII": 0.23312542844574344, "IIIXIXIIII": 0.03328298659733674, "IIIYIYIIII": 0.03328298659733674, "IIZIIZIIII": 0.24456404990008737, "IIXIIXIIII": 0.029657386496065485, "IIYIIYIIII": 0.029657386496065485, "IZIIIZIIII": 0.2564198940564897, "IXIIIXIIII": 0.026609779986121723, "IYIIIYIIII": 0.026609779986121723, "ZIIIIZIIII": 0.2801608925713893, "XIIIIXIIII": 0.02646314400293255, "YIIIIYIIII": 0.02646314400293255, "IIIZZIIIII": 0.2200119657667043, "IIIXXIIIII": 0.05062790922865236, "IIIYYIIIII": 0.05062790922865236, "IIZIZIIIII": 0.23836054848566843, "IIXIXIIIII": 0.03974241246759214, "IIYIYIIIII": 0.03974241246759214, "IZIIZIIIII": 0.2534817249315918, "IXIIXIIIII": 0.03370221702463825, "IYIIYIIIII": 0.03370221702463825, "ZIIIZIIIII": 0.27859187654148765, "XIIIXIIIII": 0.03246260580864888, "YIIIYIIIII": 0.03246260580864888, "IIZZIIIIII": 0.22742544355539596, "IIXXIIIIII": 0.05115411853856352, "IIYYIIIIII": 0.05115411853856352, "IZIZIIIIII": 0.24476391657355479, "IXIXIIIIII": 0.044001706437413614, "IYIYIIIIII": 0.044001706437413614, "ZIIZIIIIII": 0.25301685597616497, "XIIXIIIIII": 0.036865068085894986, "YIIYIIIIII": 0.036865068085894986, "IZZIIIIIII": 0.23426082886621288, "IXXIIIIIII": 0.057640212951402134, "IYYIIIIIII": 0.057640212951402134, "ZIZIIIIIII": 0.2528113976228758, "XIXIIIIIII": 0.0527444538290886, "YIYIIIIIII": 0.0527444538290886, "ZZIIIIIIII": 0.24175691152791373, "XXIIIIIIII": 0.07620525887855699, "YYIIIIIIII": 0.07620525887855699}, "reference_energy_doci": -5.248325317781823, "reference_energy_fci": -5.379954746059955, "optimizer_config": {"method": "L-BFGS-B", "options": {"maxiter": 1000000, "ftol": 1e-08}}, "recommended_minimum_shots_per_qc": 10000, "vqe_final_energy": -5.248304461168702, "optimal_parameters": [0.02606476349928337, 0.012887343837607616, 0.010397679826349676, 0.007677524618575565, 0.011477399305671383, 0.02563798700351953, 0.019063646297829858, 0.010913543558139902, 0.013470212973745416, 0.006602341183837951, 0.03324394298038001, 0.022646370620493975, 0.021074430629603527, 0.009045124245718348, 0.0072708839946433075, 0.04995387395404767, 0.03873291142404565, 0.018814046173300847, 0.013433184675730993, 0.007950552745939218, 0.12272433672291014, 0.04394036222016614, 0.025379825299339603, 0.01644779335403748, 0.01418981852727682], "optimization_info": {"optimizer_method": "L-BFGS-B", "optimizer_options": {"maxiter": 1000000, "ftol": 1e-08}, "convergence_success": true, "optimizer_message": "CONVERGENCE: RELATIVE REDUCTION OF F <= FACTR*EPSMCH", "function_evaluations": 338, "circuits_per_evaluation": 1, "total_circuits": 338, "optimization_time_seconds": 5.918149948120117, "simulation_mode": "exact_statevector", "primitive_version": "v1", "note": "Exact simulation using Qiskit Primitive v1"}}, "instance_id": "a3065693"}