{"benchmark_category": "chemistry", "problem_type": "hydrogen_lattice_vqe", "instance_name": "h012_chain_1_00", "num_qubits": 12, "solution_algorithms": ["vqe_puccd"], "data": {"geometry": [["H", 0.0, 0.0, -5.5], ["H", 0.0, 0.0, -4.5], ["H", 0.0, 0.0, -3.5], ["H", 0.0, 0.0, -2.5], ["H", 0.0, 0.0, -1.5], ["H", 0.0, 0.0, -0.5], ["H", 0.0, 0.0, 0.5], ["H", 0.0, 0.0, 1.5], ["H", 0.0, 0.0, 2.5], ["H", 0.0, 0.0, 3.5], ["H", 0.0, 0.0, 4.5], ["H", 0.0, 0.0, 5.5]], "description": "H12 1D chain, 1.00 Angstroms", "basis": "sto-3g", "mapper": "PairedElectron", "hf_energy": -6.254217482308494, "nuclear_repulsion_energy": 13.355653928072265, "num_spatial_orbitals": 12, "num_alpha": 6, "num_beta": 6, "paired_hamiltonian_dict": {"IIIIIIIIIIII": 0.5214233115027213, "IIIIIIIIIIIZ": 0.3901148686700512, "IIIIIIIIIIZI": 0.3676389051894032, "IIIIIIIIIIZZ": 0.18503089018490887, "IIIIIIIIIIXX": 0.057233672637129786, "IIIIIIIIIIYY": 0.057233672637129786, "IIIIIIIIIZII": 0.32428020084107495, "IIIIIIIIIZIZ": 0.19556019639861308, "IIIIIIIIIXIX": 0.042127458288956574, "IIIIIIIIIYIY": 0.042127458288956574, "IIIIIIIIZIII": 0.2590147322382397, "IIIIIIIIZIIZ": 0.20151164737829336, "IIIIIIIIXIIX": 0.03258575829112908, "IIIIIIIIYIIY": 0.03258575829112908, "IIIIIIIZIIII": 0.17019940941925452, "IIIIIIIZIIIZ": 0.20339861545576898, "IIIIIIIXIIIX": 0.02572348876529314, "IIIIIIIYIIIY": 0.02572348876529314, "IIIIIIZIIIII": 0.055301345880818115, "IIIIIIZIIIIZ": 0.23138924987073656, "IIIIIIXIIIIX": 0.02628871328123236, "IIIIIIYIIIIY": 0.02628871328123236, "IIIIIZIIIIII": -0.07628575071218194, "IIIIIZIIIIIZ": 0.2363092174890359, "IIIIIXIIIIIX": 0.023061615609505006, "IIIIIYIIIIIY": 0.023061615609505006, "IIIIZIIIIIII": -0.23317214028348798, "IIIIZIIIIIIZ": 0.21934407875067435, "IIIIXIIIIIIX": 0.016151915847331253, "IIIIYIIIIIIY": 0.016151915847331253, "IIIZIIIIIIII": -0.4252801718349827, "IIIZIIIIIIIZ": 0.22992751101037356, "IIIXIIIIIIIX": 0.015382751274613323, "IIIYIIIIIIIY": 0.015382751274613323, "IIZIIIIIIIII": -0.635756175147077, "IIZIIIIIIIIZ": 0.2377381374476627, "IIXIIIIIIIIX": 0.014166606607944011, "IIYIIIIIIIIY": 0.014166606607944011, "IZIIIIIIIIII": -0.8411874088555256, "IZIIIIIIIIIZ": 0.24401357149083255, "IXIIIIIIIIIX": 0.012977311985584829, "IYIIIIIIIIIY": 0.012977311985584829, "ZIIIIIIIIIII": -1.0006632913280782, "ZIIIIIIIIIIZ": 0.3086665723838764, "XIIIIIIIIIIX": 0.018060252388848997, "YIIIIIIIIIIY": 0.018060252388848997, "IIIIIIIIIZZI": 0.1836831421645935, "IIIIIIIIIXXI": 0.04822008760854313, "IIIIIIIIIYYI": 0.04822008760854313, "IIIIIIIIZIZI": 0.1919896007131579, "IIIIIIIIXIXI": 0.036415006527731886, "IIIIIIIIYIYI": 0.036415006527731886, "IIIIIIIZIIZI": 0.2030877306648549, "IIIIIIIXIIXI": 0.031161771923715272, "IIIIIIIYIIYI": 0.031161771923715272, "IIIIIIZIIIZI": 0.21294358901451776, "IIIIIIXIIIXI": 0.026026523890561926, "IIIIIIYIIIYI": 0.026026523890561926, "IIIIIZIIIIZI": 0.21854980174244287, "IIIIIXIIIIXI": 0.02224549506815714, "IIIIIYIIIIYI": 0.02224549506815714, "IIIIZIIIIIZI": 0.2201345245410931, "IIIIXIIIIIXI": 0.01991032638248294, "IIIIYIIIIIYI": 0.01991032638248294, "IIIZIIIIIIZI": 0.22239106245242318, "IIIXIIIIIIXI": 0.01574390339864713, "IIIYIIIIIIYI": 0.01574390339864713, "IIZIIIIIIIZI": 0.2296159698749523, "IIXIIIIIIIXI": 0.014656681537648006, "IIYIIIIIIIYI": 0.014656681537648006, "IZIIIIIIIIZI": 0.26395610802557734, "IXIIIIIIIIXI": 0.0186808247821644, "IYIIIIIIIIYI": 0.0186808247821644, "ZIIIIIIIIIZI": 0.24644674819771997, "XIIIIIIIIIXI": 0.012754239831224158, "YIIIIIIIIIYI": 0.012754239831224158, "IIIIIIIIZZII": 0.18537773529204615, "IIIIIIIIXXII": 0.04539386123432691, "IIIIIIIIYYII": 0.04539386123432691, "IIIIIIIZIZII": 0.19455496482062185, "IIIIIIIXIXII": 0.03560792789775319, "IIIIIIIYIYII": 0.03560792789775319, "IIIIIIZIIZII": 0.20588285642030246, "IIIIIIXIIXII": 0.029213128561193666, "IIIIIIYIIYII": 0.029213128561193666, "IIIIIZIIIZII": 0.21279934315620597, "IIIIIXIIIXII": 0.023884748630022892, "IIIIIYIIIYII": 0.023884748630022892, "IIIIZIIIIZII": 0.21461585764941926, "IIIIXIIIIXII": 0.020983453195158538, "IIIIYIIIIYII": 0.020983453195158538, "IIIZIIIIIZII": 0.22103015334948659, "IIIXIIIIIXII": 0.018789526539195456, "IIIYIIIIIYII": 0.018789526539195456, "IIZIIIIIIZII": 0.24027601600859094, "IIXIIIIIIXII": 0.01981016356343077, "IIYIIIIIIYII": 0.01981016356343077, "IZIIIIIIIZII": 0.23220371171607004, "IXIIIIIIIXII": 0.014305043936937926, "IYIIIIIIIYII": 0.014305043936937926, "ZIIIIIIIIZII": 0.2407202673576509, "XIIIIIIIIXII": 0.013324756852653974, "YIIIIIIIIYII": 0.013324756852653974, "IIIIIIIZZIII": 0.1855316165715895, "IIIIIIIXXIII": 0.04367875042509883, "IIIIIIIYYIII": 0.04367875042509883, "IIIIIIZIZIII": 0.19827342446496338, "IIIIIIXIXIII": 0.03513854974366583, "IIIIIIYIYIII": 0.03513854974366583, "IIIIIZIIZIII": 0.2081491597017016, "IIIIIXIIXIII": 0.026541873868224986, "IIIIIYIIYIII": 0.026541873868224986, "IIIIZIIIZIII": 0.21118103987727932, "IIIIXIIIXIII": 0.023210479509214822, "IIIIYIIIYIII": 0.023210479509214822, "IIIZIIIIZIII": 0.2255483322465492, "IIIXIIIIXIII": 0.024249968889484157, "IIIYIIIIYIII": 0.024249968889484157, "IIZIIIIIZIII": 0.224022428940545, "IIXIIIIIXIII": 0.01844226830038243, "IIYIIIIIYIII": 0.01844226830038243, "IZIIIIIIZIII": 0.2277740161655431, "IXIIIIIIXIII": 0.015114685636262245, "IYIIIIIIYIII": 0.015114685636262245, "ZIIIIIIIZIII": 0.23623036096674033, "XIIIIIIIXIII": 0.014341995795870111, "YIIIIIIIYIII": 0.014341995795870111, "IIIIIIZZIIII": 0.18750417719341494, "IIIIIIXXIIII": 0.04543093334483729, "IIIIIIYYIIII": 0.04543093334483729, "IIIIIZIZIIII": 0.2040821834225282, "IIIIIXIXIIII": 0.029657672164984, "IIIIIYIYIIII": 0.029657672164984, "IIIIZIIZIIII": 0.21363442834635632, "IIIIXIIXIIII": 0.029331580618026928, "IIIIYIIYIIII": 0.029331580618026928, "IIIZIIIZIIII": 0.2144737836003707, "IIIXIIIXIIII": 0.022988066375035834, "IIIYIIIYIIII": 0.022988066375035834, "IIZIIIIZIIII": 0.22146724963686854, "IIXIIIIXIIII": 0.020685320934584615, "IIYIIIIYIIII": 0.020685320934584615, "IZIIIIIZIIII": 0.23027496936777153, "IXIIIIIXIIII": 0.01943223844786938, "IYIIIIIYIIII": 0.01943223844786938, "ZIIIIIIZIIII": 0.23043883994297382, "XIIIIIIXIIII": 0.015476330884041569, "YIIIIIIYIIII": 0.015476330884041569, "IIIIIZZIIIII": 0.21530036683835252, "IIIIIXXIIIII": 0.033299574122839605, "IIIIIYYIIIII": 0.033299574122839605, "IIIIZIZIIIII": 0.20773130944345375, "IIIIXIXIIIII": 0.029920308416807533, "IIIIYIYIIIII": 0.029920308416807533, "IIIZIIZIIIII": 0.21621756850566853, "IIIXIIXIIIII": 0.02711891642114489, "IIIYIIYIIIII": 0.02711891642114489, "IIZIIIZIIIII": 0.224629168024911, "IIXIIIXIIIII": 0.02435400289183488, "IIYIIIYIIIII": 0.02435400289183488, "IZIIIIZIIIII": 0.23330560462781508, "IXIIIIXIIIII": 0.02237242556640347, "IYIIIIYIIIII": 0.02237242556640347, "ZIIIIIZIIIII": 0.2551867806520237, "XIIIIIXIIIII": 0.023011912500928322, "YIIIIIYIIIII": 0.023011912500928322, "IIIIZZIIIIII": 0.19465784583310786, "IIIIXXIIIIII": 0.04640713179857382, "IIIIYYIIIIII": 0.04640713179857382, "IIIZIZIIIIII": 0.20978445555980846, "IIIXIXIIIIII": 0.03644373131803165, "IIIYIYIIIIII": 0.03644373131803165, "IIZIIZIIIIII": 0.22129534558773545, "IIXIIXIIIIII": 0.030562267438116034, "IIYIIYIIIIII": 0.030562267438116034, "IZIIIZIIIIII": 0.23155532997443068, "IXIIIXIIIIII": 0.027199957886068778, "IYIIIYIIIIII": 0.027199957886068778, "ZIIIIZIIIIII": 0.25393378765743274, "XIIIIXIIIIII": 0.02726711803714301, "YIIIIYIIIIII": 0.02726711803714301, "IIIZZIIIIIII": 0.1998377067849142, "IIIXXIIIIIII": 0.045324566029372564, "IIIYYIIIIIII": 0.045324566029372564, "IIZIZIIIIIII": 0.2124945207653849, "IIXIXIIIIIII": 0.037989126080623756, "IIYIYIIIIIII": 0.037989126080623756, "IZIIZIIIIIII": 0.224935417379199, "IXIIXIIIIIII": 0.03400510688028091, "IYIIYIIIIIII": 0.03400510688028091, "ZIIIZIIIIIII": 0.22739817335854237, "XIIIXIIIIIII": 0.028847262477208, "YIIIYIIIIIII": 0.028847262477208, "IIZZIIIIIIII": 0.20664084701143723, "IIXXIIIIIIII": 0.04950074760344,