{"benchmark_category": "chemistry", "problem_type": "hydrogen_lattice_vqe", "instance_name": "h012_chain_1_75", "num_qubits": 12, "solution_algorithms": ["vqe_puccd"], "data": {"geometry": [["H", 0.0, 0.0, -9.625], ["H", 0.0, 0.0, -7.875], ["H", 0.0, 0.0, -6.125], ["H", 0.0, 0.0, -4.375], ["H", 0.0, 0.0, -2.625], ["H", 0.0, 0.0, -0.875], ["H", 0.0, 0.0, 0.875], ["H", 0.0, 0.0, 2.625], ["H", 0.0, 0.0, 4.375], ["H", 0.0, 0.0, 6.125], ["H", 0.0, 0.0, 7.875], ["H", 0.0, 0.0, 9.625]], "description": "H12 1D chain, 1.75 Angstroms", "basis": "sto-3g", "mapper": "PairedElectron", "hf_energy": -5.102958619447357, "nuclear_repulsion_energy": 7.6318022446127305, "num_spatial_orbitals": 12, "num_alpha": 6, "num_beta": 6, "paired_hamiltonian_dict": {"IIIIIIIIIIII": -2.402884186304472, "IIIIIIIIIIIZ": 0.2151192539760749, "IIIIIIIIIIZI": 0.20472854470220994, "IIIIIIIIIIZZ": 0.11865317442747592, "IIIIIIIIIIXX": 0.04545314730359211, "IIIIIIIIIIYY": 0.04545314730359211, "IIIIIIIIIZII": 0.18687041590665993, "IIIIIIIIIZIZ": 0.12569398165211917, "IIIIIIIIIXIX": 0.03612086568804778, "IIIIIIIIIYIY": 0.03612086568804778, "IIIIIIIIZIII": 0.1614107225294985, "IIIIIIIIZIIZ": 0.13012283439964722, "IIIIIIIIXIIX": 0.029705778865957176, "IIIIIIIIYIIY": 0.029705778865957176, "IIIIIIIZIIII": 0.12867677781909753, "IIIIIIIZIIIZ": 0.13127568636040882, "IIIIIIIXIIIX": 0.024320101337845425, "IIIIIIIYIIIY": 0.024320101337845425, "IIIIIIZIIIII": 0.09246231840110451, "IIIIIIZIIIIZ": 0.16174270103377686, "IIIIIIXIIIIX": 0.029163697436067417, "IIIIIIYIIIIY": 0.029163697436067417, "IIIIIZIIIIII": 0.05498446267830907, "IIIIIZIIIIIZ": 0.16517300025481563, "IIIIIXIIIIIX": 0.02685085983884711, "IIIIIYIIIIIY": 0.02685085983884711, "IIIIZIIIIIII": 0.011364680972846944, "IIIIZIIIIIIZ": 0.1410914285648736, "IIIIXIIIIIIX": 0.017234932639994458, "IIIIYIIIIIIY": 0.017234932639994458, "IIIZIIIIIIII": -0.03718164304209334, "IIIZIIIIIIIZ": 0.1467310500489169, "IIIXIIIIIIIX": 0.016897174399021185, "IIIYIIIIIIIY": 0.016897174399021185, "IIZIIIIIIIII": -0.0832673353471624, "IIZIIIIIIIIZ": 0.15034790524362188, "IIXIIIIIIIIX": 0.016195446777773764, "IIYIIIIIIIIY": 0.016195446777773764, "IZIIIIIIIIII": -0.12183249755201528, "IZIIIIIIIIIZ": 0.152877411744143, "IXIIIIIIIIIX": 0.015504067703539367, "IYIIIIIIIIIY": 0.015504067703539367, "ZIIIIIIIIIII": -0.14790730977438582, "ZIIIIIIIIIIZ": 0.1979152672551807, "XIIIIIIIIIIX": 0.02292374979458619, "YIIIIIIIIIIY": 0.02292374979458619, "IIIIIIIIIZZI": 0.11899540829743514, "IIIIIIIIIXXI": 0.03945116228155415, "IIIIIIIIIYYI": 0.03945116228155415, "IIIIIIIIZIZI": 0.12404800199926912, "IIIIIIIIXIXI": 0.03152416261861929, "IIIIIIIIYIYI": 0.03152416261861929, "IIIIIIIZIIZI": 0.13777123574930653, "IIIIIIIXIIXI": 0.03177879262407173, "IIIIIIIYIIYI": 0.03177879262407173, "IIIIIIZIIIZI": 0.14048064828266593, "IIIIIIXIIIXI": 0.025505506960520428, "IIIIIIYIIIYI": 0.025505506960520428, "IIIIIZIIIIZI": 0.14412396126897123, "IIIIIXIIIIXI": 0.022431198320839018, "IIIIIYIIIIYI": 0.022431198320839018, "IIIIZIIIIIZI": 0.14809034535769972, "IIIIXIIIIIXI": 0.02362913132102472, "IIIIYIIIIIYI": 0.02362913132102472, "IIIZIIIIIIZI": 0.14215926461118222, "IIIXIIIIIIXI": 0.016861750276728135, "IIIYIIIIIIYI": 0.016861750276728135, "IIZIIIIIIIZI": 0.14563594271455285, "IIXIIIIIIIXI": 0.016419033787473603, "IIYIIIIIIIYI": 0.016419033787473603, "IZIIIIIIIIZI": 0.1732792568894009, "IXIIIIIIIIXI": 0.02340567888079692, "IYIIIIIIIIYI": 0.02340567888079692, "ZIIIIIIIIIZI": 0.1550605246929838, "XIIIIIIIIIXI": 0.01591449786149001, "YIIIIIIIIIYI": 0.01591449786149001, "IIIIIIIIZZII": 0.12407083395162871, "IIIIIIIIXXII": 0.04016353192300278, "IIIIIIIIYYII": 0.04016353192300278, "IIIIIIIZIZII": 0.12838900581365406, "IIIIIIIXIXII": 0.03221673345565084, "IIIIIIIYIYII": 0.03221673345565084, "IIIIIIZIIZII": 0.13516645031645974, "IIIIIIXIIXII": 0.027355921900863285, "IIIIIIYIIYII": 0.027355921900863285, "IIIIIZIIIZII": 0.14030442665388526, "IIIIIXIIIXII": 0.022695281401914232, "IIIIIYIIIYII": 0.022695281401914232, "IIIIZIIIIZII": 0.14058439963143352, "IIIIXIIIIXII": 0.021750058959517714, "IIIIYIIIIYII": 0.021750058959517714, "IIIZIIIIIZII": 0.14497451138270748, "IIIXIIIIIXII": 0.022130384311528983, "IIIYIIIIIYII": 0.022130384311528983, "IIZIIIIIIZII": 0.15941858081445787, "IIXIIIIIIXII": 0.02391003666803545, "IIYIIIIIIYII": 0.02391003666803545, "IZIIIIIIIZII": 0.14763045585783713, "IXIIIIIIIXII": 0.01693133554101491, "IYIIIIIIIYII": 0.01693133554101491, "ZIIIIIIIIZII": 0.15180450970821935, "XIIIIIIIIXII": 0.016354480886008386, "YIIIIIIIIYII": 0.016354480886008386, "IIIIIIIZZIII": 0.1220887160618786, "IIIIIIIXXIII": 0.03688115441415586, "IIIIIIIYYIII": 0.03688115441415586, "IIIIIIZIZIII": 0.12951305686637968, "IIIIIIXIXIII": 0.03134479969592407, "IIIIIIYIYIII": 0.03134479969592407, "IIIIIZIIZIII": 0.13781124224563138, "IIIIIXIIXIII": 0.02334581277691829, "IIIIIYIIYIII": 0.02334581277691829, "IIIIZIIIZIII": 0.13811538874402396, "IIIIXIIIXIII": 0.022243221632819152, "IIIIYIIIYIII": 0.022243221632819152, "IIIZIIIIZIII": 0.1526309312531736, "IIIXIIIIXIII": 0.02831035110480162, "IIIYIIIIYIII": 0.02831035110480162, "IIZIIIIIZIII": 0.14692784895995892, "IIXIIIIIXIII": 0.02273981940007174, "IIYIIIIIYIII": 0.02273981940007174, "IZIIIIIIZIII": 0.14423700059163747, "IXIIIIIIXIII": 0.017232361638925282, "IYIIIIIIYIII": 0.017232361638925282, "ZIIIIIIIZIII": 0.1490029692952312, "XIIIIIIIXIII": 0.017159856007481163, "YIIIIIIIYIII": 0.017159856007481163, "IIIIIIZZIIII": 0.12099766004348336, "IIIIIIXXIIII": 0.03860186325923019, "IIIIIIYYIIII": 0.03860186325923019, "IIIIIZIZIIII": 0.13610746449680333, "IIIIIXIXIIII": 0.023410464993217316, "IIIIIYIYIIII": 0.023410464993217316, "IIIIZIIZIIII": 0.14745353612410395, "IIIIXIIXIIII": 0.029599187746279305, "IIIIYIIYIIII": 0.029599187746279305, "IIIZIIIZIIII": 0.13977855868295097, "IIIXIIIXIIII": 0.02281131402766728, "IIIYIIIYIIII": 0.02281131402766728, "IIZIIIIZIIII": 0.1429939285027318, "IIXIIIIXIIII": 0.02227383764779417, "IIYIIIIYIIII": 0.02227383764779417, "IZIIIIIZIIII": 0.15183256500529396, "IXIIIIIXIIII": 0.02440415599807812, "IYIIIIIYIIII": 0.02440415599807812, "ZIIIIIIZIIII": 0.1444362113819257, "XIIIIIIXIIII": 0.01779382677529299, "YIIIIIIYIIII": 0.01779382677529299, "IIIIIZZIIIII": 0.15782193046722973, "IIIIIXXIIIII": 0.02756743198590925, "IIIIIYYIIIII": 0.02756743198590925, "IIIIZIZIIIII": 0.13789037301150744, "IIIIXIXIIIII": 0.024028986101116014, "IIIIYIYIIIII": 0.024028986101116014, "IIIZIIZIIIII": 0.1405754771482145, "IIIXIIXIIIII": 0.024101061309704866, "IIIYIIYIIIII": 0.024101061309704866, "IIZIIIZIIIII": 0.1440312747244665, "IIXIIIXIIIII": 0.023579353678302144, "IIYIIIYIIIII": 0.023579353678302144, "IZIIIIZIIIII": 0.14832809000168962, "IXIIIIXIIIII": 0.023326516736672607, "IYIIIIYIIIII": 0.023326516736672607, "ZIIIIIZIIIII": 0.17093536536393783, "XIIIIIXIIIII": 0.028004569430310926, "YIIIIIYIIIII": 0.028004569430310926, "IIIIZZIIIIII": 0.12375117548859003, "IIIIXXIIIIII": 0.03926080551345267, "IIIIYYIIIIII": 0.03926080551345267, "IIIZIZIIIIII": 0.1333186534612562, "IIIXIXIIIIII": 0.0323746583512185, "IIIYIYIIIIII": 0.0323746583512185, "IIZIIZIIIIII": 0.13993972255197729, "IIXIIXIIIIII": 0.028628273689580076, "IIYIIYIIIIII": 0.028628273689580076, "IZIIIZIIIIII": 0.14571067804760007, "IXIIIXIIIIII": 0.026857932771727263, "IYIIIYIIIIII": 0.026857932771727263, "ZIIIIZIIIIII": 0.16927192342332914, "XIIIIXIIIIII": 0.03112232827885794, "YIIIIYIIIIII": 0.03112232827885794, "IIIZZIIIIIII": 0.1265780989335094, "IIIXXIIIIIII": 0.03826770551658556, "IIIYYIIIIIII": 0.03826770551658556, "IIZIZIIIIIII": 0.13375852880311917, "IIXIXIIIIIII": 0.03404860337903551, "IIYIYIIIIIII": 0.03404860337903551, "IZIIZIIIIIII": 0.1448561849916647, "IXIIXIIIIIII": 0.03439615015325722, "IYIIYIIIIIII": 0.03439615015325722, "ZIIIZIIIIIII": 0.1388232150094374, "XIIIXIIIIIII": 0.027079906000978225, "YIIIYIIIIIII": 0.027079906000978225, "IIZZIIIIIIII": 0.13066368924973376, "IIXXIIIIIIII": 0.04307550413549983,