{"benchmark_category": "chemistry", "problem_type": "hydrogen_lattice_vqe", "instance_name": "h012_chain_2_00", "num_qubits": 12, "solution_algorithms": ["vqe_puccd"], "data": {"geometry": [["H", 0.0, 0.0, -11.0], ["H", 0.0, 0.0, -9.0], ["H", 0.0, 0.0, -7.0], ["H", 0.0, 0.0, -5.0], ["H", 0.0, 0.0, -3.0], ["H", 0.0, 0.0, -1.0], ["H", 0.0, 0.0, 1.0], ["H", 0.0, 0.0, 3.0], ["H", 0.0, 0.0, 5.0], ["H", 0.0, 0.0, 7.0], ["H", 0.0, 0.0, 9.0], ["H", 0.0, 0.0, 11.0]], "description": "H12 1D chain, 2.00 Angstroms", "basis": "sto-3g", "mapper": "PairedElectron", "hf_energy": -4.747583274038245, "nuclear_repulsion_energy": 6.677826964036132, "num_spatial_orbitals": 12, "num_alpha": 6, "num_beta": 6, "paired_hamiltonian_dict": {"IIIIIIIIIIII": -2.6061905093621798, "IIIIIIIIIIIZ": 0.17803788453428238, "IIIIIIIIIIZI": 0.17003845303936257, "IIIIIIIIIIZZ": 0.10723027334067461, "IIIIIIIIIIXX": 0.04317716098417932, "IIIIIIIIIIYY": 0.04317716098417932, "IIIIIIIIIZII": 0.15652813049620348, "IIIIIIIIIZIZ": 0.11335803847072187, "IIIIIIIIIXIX": 0.03487513663805269, "IIIIIIIIIYIY": 0.03487513663805269, "IIIIIIIIZIII": 0.1375943724248803, "IIIIIIIIZIIZ": 0.11729394742744471, "IIIIIIIIXIIX": 0.029099140938736043, "IIIIIIIIYIIY": 0.029099140938736043, "IIIIIIIZIIII": 0.11392864801576795, "IIIIIIIZIIIZ": 0.11817513738979805, "IIIIIIIXIIIX": 0.024042425197502226, "IIIIIIIYIIIY": 0.024042425197502226, "IIIIIIZIIIII": 0.08936603924839676, "IIIIIIZIIIIZ": 0.14947218519530375, "IIIIIIXIIIIX": 0.03048486423624349, "IIIIIIYIIIIY": 0.03048486423624349, "IIIIIZIIIIII": 0.06518469732784259, "IIIIIZIIIIIZ": 0.1526494488020333, "IIIIIXIIIIIX": 0.028541201945293967, "IIIIIYIIIIIY": 0.028541201945293967, "IIIIZIIIIIII": 0.03673389958215005, "IIIIZIIIIIIZ": 0.1268465455178706, "IIIIXIIIIIIX": 0.017902311962289717, "IIIIYIIIIIIY": 0.017902311962289717, "IIIZIIIIIIII": 0.005135290654795628, "IIIZIIIIIIIZ": 0.13172713924264823, "IIIXIIIIIIIX": 0.017703436160046833, "IIIYIIIIIIIY": 0.017703436160046833, "IIZIIIIIIIII": -0.024068294113398975, "IIZIIIIIIIIZ": 0.13483617102435683, "IIXIIIIIIIIX": 0.01710999743827006, "IIYIIIIIIIIY": 0.01710999743827006, "IZIIIIIIIIII": -0.047739401472728524, "IZIIIIIIIIIZ": 0.13678235865497632, "IXIIIIIIIIIX": 0.01644799616122382, "IYIIIIIIIIIY": 0.01644799616122382, "ZIIIIIIIIIII": -0.06330548103949486, "ZIIIIIIIIIIZ": 0.17814411940266253, "XIIIIIIIIIIX": 0.02453906079050254, "YIIIIIIIIIIY": 0.02453906079050254, "IIIIIIIIIZZI": 0.1075765730966951, "IIIIIIIIIXXI": 0.03785355506612969, "IIIIIIIIIYYI": 0.03785355506612969, "IIIIIIIIZIZI": 0.11175145013992076, "IIIIIIIIXIXI": 0.030516037973063084, "IIIIIIIIYIYI": 0.030516037973063084, "IIIIIIIZIIZI": 0.12677324965680686, "IIIIIIIXIIXI": 0.03271130284676077, "IIIIIIIYIIYI": 0.03271130284676077, "IIIIIIZIIIZI": 0.12713751208328644, "IIIIIIXIIIXI": 0.025660720619581617, "IIIIIIYIIIYI": 0.025660720619581617, "IIIIIZIIIIZI": 0.13041303356627842, "IIIIIXIIIIXI": 0.02274890998934504, "IIIIIYIIIIYI": 0.02274890998934504, "IIIIZIIIIIZI": 0.13581040930676375, "IIIIXIIIIIXI": 0.02549599517275254, "IIIIYIIIIIYI": 0.02549599517275254, "IIIZIIIIIIZI": 0.127588543851976, "IIIXIIIIIIXI": 0.017511050185204286, "IIIYIIIIIIYI": 0.017511050185204286, "IIZIIIIIIIZI": 0.13059654550432898, "IIXIIIIIIIXI": 0.017233077694364208, "IIYIIIIIIIYI": 0.017233077694364208, "IZIIIIIIIIZI": 0.15670441091084875, "IXIIIIIIIIXI": 0.02498000024312071, "IYIIIIIIIIYI": 0.02498000024312071, "ZIIIIIIIIIZI": 0.1389266720062889, "XIIIIIIIIIXI": 0.016991523303821813, "YIIIIIIIIIYI": 0.016991523303821813, "IIIIIIIIZZII": 0.11376222520742914, "IIIIIIIIXXII": 0.04007603531278368, "IIIIIIIIYYII": 0.04007603531278368, "IIIIIIIZIZII": 0.11641918920372037, "IIIIIIIXIXII": 0.031864153534443024, "IIIIIIIYIYII": 0.031864153534443024, "IIIIIIZIIZII": 0.12207149926103365, "IIIIIIXIIXII": 0.027326401094012836, "IIIIIIYIIYII": 0.027326401094012836, "IIIIIZIIIZII": 0.12703404413365538, "IIIIIXIIIXII": 0.02270775886523151, "IIIIIYIIIYII": 0.02270775886523151, "IIIIZIIIIZII": 0.12718112712594226, "IIIIXIIIIXII": 0.02230470431975247, "IIIIYIIIIYII": 0.02230470431975247, "IIIZIIIIIZII": 0.13197836716184144, "IIIXIIIIIXII": 0.02394355330935844, "IIIYIIIIIYII": 0.02394355330935844, "IIZIIIIIIZII": 0.14445382674787005, "IIXIIIIIIXII": 0.025257530876175157, "IIYIIIIIIYII": 0.025257530876175157, "IZIIIIIIIZII": 0.13245956678161092, "IXIIIIIIIXII": 0.01790158466100327, "IYIIIIIIIYII": 0.01790158466100327, "ZIIIIIIIIZII": 0.13576028346923552, "XIIIIIIIIXII": 0.017328732275713597, "YIIIIIIIIYII": 0.017328732275713597, "IIIIIIIZZIII": 0.11041651354843202, "IIIIIIIXXIII": 0.03597077650789935, "IIIIIIIYYIII": 0.03597077650789935, "IIIIIIZIZIII": 0.116667027186101, "IIIIIIXIXIII": 0.031063070885448706, "IIIIIIYIYIII": 0.031063070885448706, "IIIIIZIIZIII": 0.12502716568775044, "IIIIIXIIXIII": 0.02291278056759492, "IIIIIYIIYIII": 0.02291278056759492, "IIIIZIIIZIII": 0.12487766003339046, "IIIIXIIIXIII": 0.02232734747227667, "IIIIYIIIYIII": 0.02232734747227667, "IIIZIIIIZIII": 0.139527265562509, "IIIXIIIIXIII": 0.02967086303251833, "IIIYIIIIYIII": 0.02967086303251833, "IIZIIIIIZIII": 0.13373585207728633, "IIXIIIIIXIII": 0.024712794990157716, "IIYIIIIIYIII": 0.024712794990157716, "IZIIIIIIZIII": 0.1290110976632579, "IXIIIIIIXIII": 0.01795860242604876, "IYIIIIIIYIII": 0.01795860242604876, "ZIIIIIIIZIII": 0.13315462422914975, "XIIIIIIIXIII": 0.018048690091497156, "YIIIIIIIYIII": 0.018048690091497156, "IIIIIIZZIIII": 0.10850110686103677, "IIIIIIXXIIII": 0.03781962297779456, "IIIIIIYYIIII": 0.03781962297779456, "IIIIIZIZIIII": 0.12376234623787685, "IIIIIXIXIIII": 0.0223774330924052, "IIIIIYIYIIII": 0.0223774330924052, "IIIIZIIZIIII": 0.1360841622558083, "IIIIXIIXIIII": 0.02998683005233589, "IIIIYIIYIIII": 0.02998683005233589, "IIIZIIIZIIII": 0.12631432336508053, "IIIXIIIXIIII": 0.023018822768075976, "IIIYIIIYIIII": 0.023018822768075976, "IIZIIIIZIIII": 0.12882315823515184, "IIXIIIIXIIII": 0.022867552306223463, "IIYIIIIYIIII": 0.022867552306223463, "IZIIIIIZIIII": 0.13847461933107713, "IXIIIIIXIIII": 0.026369155319001365, "IYIIIIIYIIII": 0.026369155319001365, "ZIIIIIIZIIII": 0.12892734157371769, "XIIIIIIXIIII": 0.018536713427483885, "YIIIIIIYIIII": 0.018536713427483885, "IIIIIZZIIIII": 0.1481164797913926, "IIIIIXXIIIII": 0.027256106276731216, "IIIIIYYIIIII": 0.027256106276731216, "IIIIZIZIIIII": 0.12540415517115422, "IIIIXIXIIIII": 0.023071650325894866, "IIIIYIYIIIII": 0.023071650325894866, "IIIZIIZIIIII": 0.127081501669826, "IIIXIIXIIIII": 0.02367257122507095, "IIIYIIYIIIII": 0.02367257122507095, "IIZIIIZIIIII": 0.1296834840296629, "IIXIIIXIIIII": 0.023605257591924313, "IIYIIIYIIIII": 0.023605257591924313, "IZIIIIZIIIII": 0.13308345047012535, "IXIIIIXIIIII": 0.023624621875414125, "IYIIIIYIIIII": 0.023624621875414125, "ZIIIIIZIIIII": 0.15623029068289052, "XIIIIIXIIIII": 0.029637321984419745, "YIIIIIYIIIII": 0.029637321984419745, "IIIIZZIIIIII": 0.11071047228923878, "IIIIXXIIIIII": 0.03836606323605035, "IIIIYYIIIIII": 0.03836606323605035, "IIIZIZIIIIII": 0.11948204227214114, "IIIXIXIIIIII": 0.03196302555982321, "IIIYIYIIIIII": 0.03196302555982321, "IIZIIZIIIIII": 0.12547711457121752, "IIXIIXIIIIII": 0.028469865227173725, "IIYIIYIIIIII": 0.028469865227173725, "IZIIIZIIIIII": 0.13046042671838787, "IXIIIXIIIIII": 0.026800639047661518, "IYIIIYIIIIII": 0.026800639047661518, "ZIIIIZIIIIII": 0.15488746239646373, "XIIIIXIIIIII": 0.03240734118697657, "YIIIIYIIIIII": 0.03240734118697657, "IIIZZIIIIIII": 0.11357595579019726, "IIIXXIIIIIII": 0.037136994948799566, "IIIYYIIIIIII": 0.037136994948799566, "IIZIZIIIIIII": 0.12002160808136703, "IIXIXIIIIIII": 0.03334539884159395, "IIYIYIIIIIII": 0.03334539884159395, "IZIIZIIIIIII": 0.13198525590659455, "IXIIXIIIIIII": 0.03515003472772114, "IYIIYIIIIIII": 0.03515003472772114, "ZIIIZIIIIIII": 0.12389036891575474, "XIIIXIIIIIII": 0.02664908428542195, "YIIIYIIIIIII": 0.02664908428542195, "IIZZIIIIIIII": 0.11857924684922826, "IIXXIIIIIIII": 0.04265287266401605,