{"benchmark_category": "chemistry", "problem_type": "hydrogen_lattice_vqe", "instance_name": "h012_chain_0_75", "num_qubits": 12, "solution_algorithms": ["vqe_puccd"], "data": {"geometry": [["H", 0.0, 0.0, -4.125], ["H", 0.0, 0.0, -3.375], ["H", 0.0, 0.0, -2.625], ["H", 0.0, 0.0, -1.875], ["H", 0.0, 0.0, -1.125], ["H", 0.0, 0.0, -0.375], ["H", 0.0, 0.0, 0.375], ["H", 0.0, 0.0, 1.125], ["H", 0.0, 0.0, 1.875], ["H", 0.0, 0.0, 2.625], ["H", 0.0, 0.0, 3.375], ["H", 0.0, 0.0, 4.125]], "description": "H12 1D chain, 0.75 Angstroms", "basis": "sto-3g", "mapper": "PairedElectron", "hf_energy": -6.063597278347601, "nuclear_repulsion_energy": 17.80753857076302, "num_spatial_orbitals": 12, "num_alpha": 6, "num_beta": 6, "paired_hamiltonian_dict": {"IIIIIIIIIIII": 4.654169596360655, "IIIIIIIIIIIZ": 0.4857259260836908, "IIIIIIIIIIZI": 0.45271617506762174, "IIIIIIIIIIZZ": 0.23304933774232614, "IIIIIIIIIIXX": 0.06286143871916108, "IIIIIIIIIIYY": 0.06286143871916108, "IIIIIIIIIZII": 0.385420878052666, "IIIIIIIIIZIZ": 0.2438156083167149, "IIIIIIIIIXIX": 0.04402486135929523, "IIIIIIIIIYIY": 0.04402486135929523, "IIIIIIIIZIII": 0.2827407924453157, "IIIIIIIIZIIZ": 0.24933615659050587, "IIIIIIIIXIIX": 0.03299750446565996, "IIIIIIIIYIIY": 0.03299750446565996, "IIIIIIIZIIII": 0.14209505388808985, "IIIIIIIZIIIZ": 0.25028888342880157, "IIIIIIIXIIIX": 0.025499097823105353, "IIIIIIIYIIIY": 0.025499097823105353, "IIIIIIZIIIII": -0.04666081956003021, "IIIIIIZIIIIZ": 0.2785280409649529, "IIIIIIXIIIIX": 0.025141453980645264, "IIIIIIYIIIIY": 0.025141453980645264, "IIIIIZIIIIII": -0.26516789943191627, "IIIIIZIIIIIZ": 0.2860033219541756, "IIIIIXIIIIIX": 0.022031597248017547, "IIIIIYIIIIIY": 0.022031597248017547, "IIIIZIIIIIII": -0.5271773503552359, "IIIIZIIIIIIZ": 0.2735625718071383, "IIIIXIIIIIIX": 0.016072855621240424, "IIIIYIIIIIIY": 0.016072855621240424, "IIIZIIIIIIII": -0.8613948059511862, "IIIZIIIIIIIZ": 0.28891843714484877, "IIIXIIIIIIIX": 0.01534347689665821, "IIIYIIIIIIIY": 0.01534347689665821, "IIZIIIIIIIII": -1.2540058454764162, "IIZIIIIIIIIZ": 0.30016607607013, "IIXIIIIIIIIX": 0.013939032091456185, "IIYIIIIIIIIY": 0.013939032091456185, "IZIIIIIIIIII": -1.681515359564186, "IZIIIIIIIIIZ": 0.308482158272403, "IXIIIIIIIIIX": 0.012381559769538098, "IYIIIIIIIIIY": 0.012381559769538098, "ZIIIIIIIIIII": -2.0589008615934783, "ZIIIIIIIIIIZ": 0.38554727385680815, "XIIIIIIIIIIX": 0.01666485208396682, "YIIIIIIIIIIY": 0.01666485208396682, "IIIIIIIIIZZI": 0.22872458258416192, "IIIIIIIIIXXI": 0.05321373791633985, "IIIIIIIIIYYI": 0.05321373791633985, "IIIIIIIIZIZI": 0.23803387290146907, "IIIIIIIIXIXI": 0.03841158684221305, "IIIIIIIIYIYI": 0.03841158684221305, "IIIIIIIZIIZI": 0.24816077872948109, "IIIIIIIXIIXI": 0.031170036108413596, "IIIIIIIYIIYI": 0.031170036108413596, "IIIIIIZIIIZI": 0.26144929792143523, "IIIIIIXIIIXI": 0.026328153491000005, "IIIIIIYIIIYI": 0.026328153491000005, "IIIIIZIIIIZI": 0.26920826707187606, "IIIIIXIIIIXI": 0.022479144237602597, "IIIIIYIIIIYI": 0.022479144237602597, "IIIIZIIIIIZI": 0.27174965040029675, "IIIIXIIIIIXI": 0.019453303703993296, "IIIIYIIIIIYI": 0.019453303703993296, "IIIZIIIIIIZI": 0.27886480838751404, "IIIXIIIIIIXI": 0.016002532302005705, "IIIYIIIIIIYI": 0.016002532302005705, "IIZIIIIIIIZI": 0.28892155091644794, "IIXIIIIIIIXI": 0.014649678111674487, "IIYIIIIIIIYI": 0.014649678111674487, "IZIIIIIIIIZI": 0.32541506586236524, "IXIIIIIIIIXI": 0.017406271377691407, "IYIIIIIIIIYI": 0.017406271377691407, "ZIIIIIIIIIZI": 0.3118483988426537, "XIIIIIIIIIXI": 0.012045846222955946, "YIIIIIIIIIYI": 0.012045846222955946, "IIIIIIIIZZII": 0.22801732263628569, "IIIIIIIIXXII": 0.04962396116215335, "IIIIIIIIYYII": 0.04962396116215335, "IIIIIIIZIZII": 0.2392708454680211, "IIIIIIIXIXII": 0.037768232270572334, "IIIIIIIYIYII": 0.037768232270572334, "IIIIIIZIIZII": 0.25317563433414464, "IIIIIIXIIXII": 0.03065859544643382, "IIIIIIYIIYII": 0.03065859544643382, "IIIIIZIIIZII": 0.2622106996996082, "IIIIIXIIIXII": 0.025048480057598254, "IIIIIYIIIYII": 0.025048480057598254, "IIIIZIIIIZII": 0.2660822736885067, "IIIIXIIIIXII": 0.021541486507390264, "IIIIYIIIIYII": 0.021541486507390264, "IIIZIIIIIZII": 0.27527692412955496, "IIIXIIIIIXII": 0.01883744210647189, "IIIYIIIIIYII": 0.01883744210647189, "IIZIIIIIIZII": 0.2954788573267721, "IIXIIIIIIXII": 0.019005593471885397, "IIYIIIIIIYII": 0.019005593471885397, "IZIIIIIIIZII": 0.29149298739733454, "IXIIIIIIIXII": 0.01405648621665217, "IYIIIIIIIYII": 0.01405648621665217, "ZIIIIIIIIZII": 0.3018860397822536, "XIIIIIIIIXII": 0.012614136549967948, "YIIIIIIIIYII": 0.012614136549967948, "IIIIIIIZZIII": 0.2280016522480356, "IIIIIIIXXIII": 0.0486489733607898, "IIIIIIIYYIII": 0.0486489733607898, "IIIIIIZIZIII": 0.2440097919107058, "IIIIIIXIXIII": 0.0382740286615996, "IIIIIIYIYIII": 0.0382740286615996, "IIIIIZIIZIII": 0.25618658113381765, "IIIIIXIIXIII": 0.028991013681684965, "IIIIIYIIYIII": 0.028991013681684965, "IIIIZIIIZIII": 0.261645445141227, "IIIIXIIIXIII": 0.024706478928801363, "IIIIYIIIYIII": 0.024706478928801363, "IIIZIIIIZIII": 0.2765635297649618, "IIIXIIIIXIII": 0.023839000910341926, "IIIYIIIIYIII": 0.023839000910341926, "IIZIIIIIZIII": 0.2783479043301058, "IIXIIIIIXIII": 0.01815809457497939, "IIYIIIIIYIII": 0.01815809457497939, "IZIIIIIIZIII": 0.2848498475302034, "IXIIIIIIXIII": 0.01500014739216899, "IYIIIIIIYIII": 0.01500014739216899, "ZIIIIIIIZIII": 0.29549176346240413, "XIIIIIIIXIII": 0.013795385049801946, "YIIIIIIIYIII": 0.013795385049801946, "IIIIIIZZIIII": 0.23115579871810205, "IIIIIIXXIIII": 0.05112300399520417, "IIIIIIYYIIII": 0.05112300399520417, "IIIIIZIZIIII": 0.2505528400481682, "IIIIIXIXIIII": 0.033986553139228014, "IIIIIYIYIIII": 0.033986553139228014, "IIIIZIIZIIII": 0.2611123395336432, "IIIIXIIXIIII": 0.03080471947132446, "IIIIYIIYIIII": 0.03080471947132446, "IIIZIIIZIIII": 0.26595841670350945, "IIIXIIIXIIII": 0.024179729423544294, "IIIYIIIYIIII": 0.024179729423544294, "IIZIIIIZIIII": 0.27526053441742054, "IIXIIIIXIIII": 0.021070213901701936, "IIYIIIIYIIII": 0.021070213901701936, "IZIIIIIZIIII": 0.28517354187371413, "IXIIIIIXIIII": 0.018779992096667312, "IYIIIIIYIIII": 0.018779992096667312, "ZIIIIIIZIIII": 0.28835571968751306, "XIIIIIIXIIII": 0.015131556137185559, "YIIIIIIYIIII": 0.015131556137185559, "IIIIIZZIIIII": 0.2583344686295172, "IIIIIXXIIIII": 0.038972829556034934, "IIIIIYYIIIII": 0.038972829556034934, "IIIIZIZIIIII": 0.25693567985542226, "IIIIXIXIIIII": 0.034306932103459704, "IIIIYIYIIIII": 0.034306932103459704, "IIIZIIZIIIII": 0.26952368145754263, "IIIXIIXIIIII": 0.029982486904404426, "IIIYIIYIIIII": 0.029982486904404426, "IIZIIIZIIIII": 0.2811233681213876, "IIXIIIXIIIII": 0.02600110307887387, "IIYIIIYIIIII": 0.02600110307887387, "IZIIIIZIIIII": 0.2923866203521037, "IXIIIIXIIIII": 0.02296837566322427, "IYIIIIYIIIII": 0.02296837566322427, "ZIIIIIZIIIII": 0.31461227392459856, "XIIIIIXIIIII": 0.022173734969240074, "YIIIIIYIIIII": 0.022173734969240074, "IIIIZZIIIIII": 0.24434875716290758, "IIIIXXIIIIII": 0.052449381330556544, "IIIIYYIIIIII": 0.052449381330556544, "IIIZIZIIIIII": 0.26432664603932554, "IIIXIXIIIIII": 0.04034965281063807, "IIIYIYIIIIII": 0.04034965281063807, "IIZIIZIIIIII": 0.2796513543360681, "IIXIIXIIIIII": 0.03295956245618537, "IIYIIYIIIIII": 0.03295956245618537, "IZIIIZIIIIII": 0.29303715037150413, "IXIIIXIIIIII": 0.028436240112463748, "IYIIIYIIIIII": 0.028436240112463748, "ZIIIIZIIIIII": 0.31667566322332025, "XIIIIXIIIIII": 0.0270216080934255, "YIIIIYIIIIII": 0.0270216080934255, "IIIZZIIIIIII": 0.2535633806571063, "IIIXXIIIIIII": 0.05096825335311748, "IIIYYIIIIIII": 0.05096825335311748, "IIZIZIIIIIII": 0.2707968620619805, "IIXIXIIIIIII": 0.0414685235510631, "IIYIYIIIIIII": 0.0414685235510631, "IZIIZIIIIIII": 0.28649144052929, "IXIIXIIIIIII": 0.035691334813747484, "IYIIYIIIIIII": 0.035691334813747484, "ZIIIZIIIIIII": 0.2944771779411338, "XIIIXIIIIIII": 0.03053071715087698, "YIIIYIIIIIII": 0.03053071715087698, "IIZZIIIIIIII": 0.2661419408617951, "IIXXIIIIIIII": 0.05552672544661766,