{"benchmark_category": "chemistry", "problem_type": "hydrogen_lattice_vqe", "instance_name": "h012_chain_1_50", "num_qubits": 12, "solution_algorithms": ["vqe_puccd"], "data": {"geometry": [["H", 0.0, 0.0, -8.25], ["H", 0.0, 0.0, -6.75], ["H", 0.0, 0.0, -5.25], ["H", 0.0, 0.0, -3.75], ["H", 0.0, 0.0, -2.25], ["H", 0.0, 0.0, -0.75], ["H", 0.0, 0.0, 0.75], ["H", 0.0, 0.0, 2.25], ["H", 0.0, 0.0, 3.75], ["H", 0.0, 0.0, 5.25], ["H", 0.0, 0.0, 6.75], ["H", 0.0, 0.0, 8.25]], "description": "H12 1D chain, 1.50 Angstroms", "basis": "sto-3g", "mapper": "PairedElectron", "hf_energy": -5.516315804712903, "nuclear_repulsion_energy": 8.90376928538151, "num_spatial_orbitals": 12, "num_alpha": 6, "num_beta": 6, "paired_hamiltonian_dict": {"IIIIIIIIIIII": -2.0030547287901954, "IIIIIIIIIIIZ": 0.26165924223702886, "IIIIIIIIIIZI": 0.24833448376234418, "IIIIIIIIIIZZ": 0.1337814055295074, "IIIIIIIIIIXX": 0.04845533552656992, "IIIIIIIIIIYY": 0.04845533552656992, "IIIIIIIIIZII": 0.22483902754877566, "IIIIIIIIIZIZ": 0.14193599397068984, "IIIIIIIIIXIX": 0.03776733025968857, "IIIIIIIIIYIY": 0.03776733025968857, "IIIIIIIIZIII": 0.19073328037151538, "IIIIIIIIZIIZ": 0.14693233819400253, "IIIIIIIIXIIX": 0.03053581570350142, "IIIIIIIIYIIY": 0.03053581570350142, "IIIIIIIZIIII": 0.14581365054155454, "IIIIIIIZIIIZ": 0.14846692500999353, "IIIIIIIXIIIX": 0.02476230765853644, "IIIIIIIYIIIY": 0.02476230765853644, "IIIIIIZIIIII": 0.09307564527655784, "IIIIIIZIIIIZ": 0.17787175048663342, "IIIIIIXIIIIX": 0.027996984609035044, "IIIIIIYIIIIY": 0.027996984609035044, "IIIIIZIIIIII": 0.0361186310791875, "IIIIIZIIIIIZ": 0.18156727110549908, "IIIIIXIIIIIX": 0.025301647644222835, "IIIIIYIIIIIY": 0.025301647644222835, "IIIIZIIIIIII": -0.03012375596512333, "IIIIZIIIIIIZ": 0.15959666613342804, "IIIIXIIIIIIX": 0.016684619945177614, "IIIIYIIIIIIY": 0.016684619945177614, "IIIZIIIIIIII": -0.10520683191975812, "IIIZIIIIIIIZ": 0.16618922845359757, "IIIXIIIIIIIX": 0.01616589032648706, "IIIYIIIIIIIY": 0.01616589032648706, "IIZIIIIIIIII": -0.17926500648981114, "IIZIIIIIIIIZ": 0.17058890462841964, "IIXIIIIIIIIX": 0.015319125413474589, "IIYIIIIIIIIY": 0.015319125413474589, "IZIIIIIIIIII": -0.24382634476877968, "IZIIIIIIIIIZ": 0.17399413053890816, "IXIIIIIIIIIX": 0.014553773458438769, "IYIIIIIIIIIY": 0.014553773458438769, "ZIIIIIIIIIII": -0.2890555685271947, "ZIIIIIIIIIIZ": 0.2237516416788701, "XIIIIIIIIIIX": 0.021223046761629873, "YIIIIIIIIIIY": 0.021223046761629873, "IIIIIIIIIZZI": 0.13399915242198884, "IIIIIIIIIXXI": 0.041574992101465695, "IIIIIIIIIYYI": 0.041574992101465695, "IIIIIIIIZIZI": 0.14006137717194436, "IIIIIIIIXIXI": 0.03283103103304715, "IIIIIIIIYIYI": 0.03283103103304715, "IIIIIIIZIIZI": 0.15268059275935192, "IIIIIIIXIIXI": 0.031202244999062462, "IIIIIIIYIIYI": 0.031202244999062462, "IIIIIIZIIIZI": 0.157657742653471, "IIIIIIXIIIXI": 0.025477290137018084, "IIIIIIYIIIYI": 0.025477290137018084, "IIIIIZIIIIZI": 0.16174872872589052, "IIIIIXIIIIXI": 0.022181011925247466, "IIIIIYIIIIYI": 0.022181011925247466, "IIIIZIIIIIZI": 0.16454964555814133, "IIIIXIIIIIXI": 0.021994894665284363, "IIIIYIIIIIYI": 0.021994894665284363, "IIIZIIIIIIZI": 0.1610012078788079, "IIIXIIIIIIXI": 0.01627069929590779, "IIIYIIIIIIYI": 0.01627069929590779, "IIZIIIIIIIZI": 0.1652105701797014, "IIXIIIIIIIXI": 0.01563474549438751, "IIYIIIIIIIYI": 0.01563474549438751, "IZIIIIIIIIZI": 0.19474205070505343, "IXIIIIIIIIXI": 0.021748600042948155, "IYIIIIIIIIYI": 0.021748600042948155, "ZIIIIIIIIIZI": 0.17620244535804064, "XIIIIIIIIIXI": 0.014790106394199589, "YIIIIIIIIIYI": 0.014790106394199589, "IIIIIIIIZZII": 0.13807689424397596, "IIIIIIIIXXII": 0.04094148304233555, "IIIIIIIIYYII": 0.04094148304233555, "IIIIIIIZIZII": 0.1439513791609699, "IIIIIIIXIXII": 0.03286507190881935, "IIIIIIIYIYII": 0.03286507190881935, "IIIIIIZIIZII": 0.15200611214687887, "IIIIIIXIIXII": 0.027606373846469297, "IIIIIIYIIYII": 0.027606373846469297, "IIIIIZIIIZII": 0.1574528981519675, "IIIIIXIIIXII": 0.022808553620686175, "IIIIIYIIIYII": 0.022808553620686175, "IIIIZIIIIZII": 0.15796150987524582, "IIIIXIIIIXII": 0.021233172687599257, "IIIIYIIIIYII": 0.021233172687599257, "IIIZIIIIIZII": 0.16239446060427026, "IIIXIIIIIXII": 0.020571631703599366, "IIIYIIIIIYII": 0.020571631703599366, "IIZIIIIIIZII": 0.17865090642448153, "IIXIIIIIIXII": 0.022462633744132578, "IIYIIIIIIYII": 0.022462633744132578, "IZIIIIIIIZII": 0.16737013635052075, "IXIIIIIIIXII": 0.015927754822601004, "IYIIIIIIIYII": 0.015927754822601004, "ZIIIIIIIIZII": 0.17274891785624458, "XIIIIIIIIXII": 0.015326368981528815, "YIIIIIIIIYII": 0.015326368981528815, "IIIIIIIZZIII": 0.13715294764290137, "IIIIIIIXXIII": 0.03826727163213933, "IIIIIIIYYIII": 0.03826727163213933, "IIIIIIZIZIII": 0.14598335468312773, "IIIIIIXIXIII": 0.031974683247074615, "IIIIIIYIYIII": 0.031974683247074615, "IIIIIZIIZIII": 0.15440098028651802, "IIIIIXIIXIII": 0.02398749006533217, "IIIIIYIIYIII": 0.02398749006533217, "IIIIZIIIZIII": 0.15529024409146164, "IIIIXIIIXIII": 0.022238048012700153, "IIIIYIIIYIII": 0.022238048012700153, "IIIZIIIIZIII": 0.16968910363150214, "IIIXIIIIXIII": 0.02682131974711125, "IIIYIIIIYIII": 0.02682131974711125, "IIZIIIIIZIII": 0.16460624504221646, "IIXIIIIIXIII": 0.020942257643107434, "IIYIIIIIYIII": 0.020942257643107434, "IZIIIIIIZIII": 0.16398326430579058, "IXIIIIIIXIII": 0.016464016100934488, "IYIIIIIIYIII": 0.016464016100934488, "ZIIIIIIIZIII": 0.16965515656436406, "XIIIIIIIXIII": 0.016219298101881663, "YIIIIIIIYIII": 0.016219298101881663, "IIIIIIZZIIII": 0.13705579310550878, "IIIIIIXXIIII": 0.039868623686014085, "IIIIIIYYIIII": 0.039868623686014085, "IIIIIZIZIIII": 0.15213309985627477, "IIIIIXIXIIII": 0.02483374411855695, "IIIIIYIYIIII": 0.02483374411855695, "IIIIZIIZIIII": 0.16258018139463185, "IIIIXIIXIIII": 0.02922544424210574, "IIIIYIIYIIII": 0.02922544424210574, "IIIZIIIZIIII": 0.15728694299311824, "IIIXIIIXIIII": 0.022610070519877384, "IIIYIIIYIIII": 0.022610070519877384, "IIZIIIIZIIII": 0.1614075976714227, "IIXIIIIXIIII": 0.021602377407319618, "IIYIIIIYIIII": 0.021602377407319618, "IZIIIIIZIIII": 0.16978991304861582, "IXIIIIIXIIII": 0.022518818003314716, "IYIIIIIYIIII": 0.022518818003314716, "ZIIIIIIZIIII": 0.1648115544662811, "XIIIIIIXIIII": 0.01703848790502121, "YIIIIIIYIIII": 0.01703848790502121, "IIIIIZZIIIII": 0.17063166562216772, "IIIIIXXIIIII": 0.028490804359174563, "IIIIIYYIIIII": 0.028490804359174563, "IIIIZIZIIIII": 0.15416200391276247, "IIIIXIXIIIII": 0.025335969771792925, "IIIIYIYIIIII": 0.025335969771792925, "IIIZIIZIIIII": 0.1581701668022648, "IIIXIIXIIIII": 0.024677191743900748, "IIIYIIYIIIII": 0.024677191743900748, "IIZIIIZIIIII": 0.1627607710933331, "IIXIIIXIIIII": 0.02358922319405319, "IIYIIIYIIIII": 0.02358922319405319, "IZIIIIZIIIII": 0.1681725746609869, "IXIIIIXIIIII": 0.022959461870009513, "IYIIIIYIIIII": 0.022959461870009513, "ZIIIIIZIIIII": 0.19033442965862674, "XIIIIIXIIIII": 0.026305407824988532, "YIIIIIYIIIII": 0.026305407824988532, "IIIIZZIIIIII": 0.1405508096797083, "IIIIXXIIIIII": 0.04062287298847137, "IIIIYYIIIIII": 0.04062287298847137, "IIIZIZIIIIII": 0.1511954882303531, "IIIXIXIIIIII": 0.0330765756963555, "IIIYIYIIIIII": 0.0330765756963555, "IIZIIZIIIIII": 0.15877468999665667, "IIXIIXIIIIII": 0.028919769936914412, "IIYIIYIIIIII": 0.028919769936914412, "IZIIIZIIIIII": 0.1655923794595406, "IXIIIXIIIIII": 0.026895989487458055, "IYIIIYIIIIII": 0.026895989487458055, "ZIIIIZIIIIII": 0.18839036389273334, "XIIIIXIIIIII": 0.029793788474582052, "YIIIIYIIIIII": 0.029793788474582052, "IIIZZIIIIIII": 0.14349392328175153, "IIIXXIIIIIII": 0.039783505149383266, "IIIYYIIIIIII": 0.039783505149383266, "IIZIZIIIIIII": 0.1517596915101964, "IIXIXIIIIIII": 0.03491938765111733, "IIYIYIIIIIII": 0.03491938765111733, "IZIIZIIIIIII": 0.16249589073092469, "IXIIXIIIIIII": 0.03388518942386176, "IYIIYIIIIIII": 0.03388518942386176, "ZIIIZIIIIIII": 0.15885397242689736, "XIIIXIIIIIII": 0.027606899465577314, "YIIIYIIIIIII": 0.027606899465577314, "IIZZIIIIIIII": 0.14728539524199402,