{"benchmark_category": "chemistry", "problem_type": "hydrogen_lattice_vqe", "instance_name": "h012_chain_1_25", "num_qubits": 12, "solution_algorithms": ["vqe_puccd"], "data": {"geometry": [["H", 0.0, 0.0, -6.875], ["H", 0.0, 0.0, -5.625], ["H", 0.0, 0.0, -4.375], ["H", 0.0, 0.0, -3.125], ["H", 0.0, 0.0, -1.875], ["H", 0.0, 0.0, -0.625], ["H", 0.0, 0.0, 0.625], ["H", 0.0, 0.0, 1.875], ["H", 0.0, 0.0, 3.125], ["H", 0.0, 0.0, 4.375], ["H", 0.0, 0.0, 5.625], ["H", 0.0, 0.0, 6.875]], "description": "H12 1D chain, 1.25 Angstroms", "basis": "sto-3g", "mapper": "PairedElectron", "hf_energy": -5.942999842648701, "nuclear_repulsion_energy": 10.684523142457815, "num_spatial_orbitals": 12, "num_alpha": 6, "num_beta": 6, "paired_hamiltonian_dict": {"IIIIIIIIIIII": -1.1933635959181526, "IIIIIIIIIIIZ": 0.3187352718692976, "IIIIIIIIIIZI": 0.3017450324618831, "IIIIIIIIIIZZ": 0.1546614788799137, "IIIIIIIIIIXX": 0.05236576687397092, "IIIIIIIIIIYY": 0.05236576687397092, "IIIIIIIIIZII": 0.27060769130034995, "IIIIIIIIIZIZ": 0.164056322111594, "IIIIIIIIIXIX": 0.03983570760760202, "IIIIIIIIIYIY": 0.03983570760760202, "IIIIIIIIZIII": 0.2245143654286773, "IIIIIIIIZIIZ": 0.16961614326852298, "IIIIIIIIXIIX": 0.031568562273280455, "IIIIIIIIYIIY": 0.031568562273280455, "IIIIIIIZIIII": 0.16254089752212517, "IIIIIIIZIIIZ": 0.17148239951338384, "IIIIIIIXIIIX": 0.025303504831839897, "IIIIIIIYIIIY": 0.025303504831839897, "IIIIIIZIIIII": 0.08575388244287913, "IIIIIIZIIIIZ": 0.19990377476205082, "IIIIIIXIIIIX": 0.027065895924352285, "IIIIIIYIIIIY": 0.027065895924352285, "IIIIIZIIIIII": -0.0001926675723772503, "IIIIIZIIIIIZ": 0.20397324922503685, "IIIIIXIIIIIX": 0.024029671415911266, "IIIIIYIIIIIY": 0.024029671415911266, "IIIIZIIIIIII": -0.1011841296734174, "IIIIZIIIIIIZ": 0.18435178596204835, "IIIIXIIIIIIX": 0.016306376567675272, "IIIIYIIIIIIY": 0.016306376567675272, "IIIZIIIIIIII": -0.2195031921449378, "IIIZIIIIIIIZ": 0.19240434380517651, "IIIXIIIIIIIX": 0.015617882104837255, "IIIYIIIIIIIY": 0.015617882104837255, "IIZIIIIIIIII": -0.3418618040885569, "IIZIIIIIIIIZ": 0.19810833149947873, "IIXIIIIIIIIX": 0.014595175832519344, "IIYIIIIIIIIY": 0.014595175832519344, "IZIIIIIIIIII": -0.453836425559741, "IZIIIIIIIIIZ": 0.2027967290491191, "IXIIIIIIIIIX": 0.01367900961345381, "IYIIIIIIIIIY": 0.01367900961345381, "ZIIIIIIIIIII": -0.535665546397284, "ZIIIIIIIIIIZ": 0.2588654718058574, "XIIIIIIIIIIX": 0.019554644662188012, "YIIIIIIIIIIY": 0.019554644662188012, "IIIIIIIIIZZI": 0.15445410715283092, "IIIIIIIIIXXI": 0.0444322520736198, "IIIIIIIIIYYI": 0.0444322520736198, "IIIIIIIIZIZI": 0.16161436384697903, "IIIIIIIIXIXI": 0.03448060978176866, "IIIIIIIIYIYI": 0.03448060978176866, "IIIIIIIZIIZI": 0.17336785273133143, "IIIIIIIXIIXI": 0.03103025866698817, "IIIIIIIYIIYI": 0.03103025866698817, "IIIIIIZIIIZI": 0.1806377492495381, "IIIIIIXIIIXI": 0.025655521602889916, "IIIIIIYIIIYI": 0.025655521602889916, "IIIIIZIIIIZI": 0.1853088288862773, "IIIIIXIIIIXI": 0.022101619590548224, "IIIIIYIIIIYI": 0.022101619590548224, "IIIIZIIIIIZI": 0.18725668187239228, "IIIIXIIIIIXI": 0.020720435719751865, "IIIIYIIIIIYI": 0.020720435719751865, "IIIZIIIIIIZI": 0.1863204701786624, "IIIXIIIIIIXI": 0.01584395872634146, "IIIYIIIIIIYI": 0.01584395872634146, "IIZIIIIIIIZI": 0.19172476927919638, "IIXIIIIIIIXI": 0.014994678455644131, "IIYIIIIIIIYI": 0.014994678455644131, "IZIIIIIIIIZI": 0.22357515800974015, "IXIIIIIIIIXI": 0.02012182437918187, "IYIIIIIIIIYI": 0.02012182437918187, "ZIIIIIIIIIZI": 0.2050368313725655, "XIIIIIIIIIXI": 0.013692071352243797, "YIIIIIIIIIYI": 0.013692071352243797, "IIIIIIIIZZII": 0.15749890480724466, "IIIIIIIIXXII": 0.04261288983570823, "IIIIIIIIYYII": 0.04261288983570823, "IIIIIIIZIZII": 0.16493847078156687, "IIIIIIIXIXII": 0.03396599081002999, "IIIIIIIYIYII": 0.03396599081002999, "IIIIIIZIIZII": 0.17445235989428826, "IIIIIIXIIXII": 0.028197131537247833, "IIIIIIYIIYII": 0.028197131537247833, "IIIIIZIIIZII": 0.18041632336018742, "IIIIIXIIIXII": 0.023168265104295295, "IIIIIYIIIYII": 0.023168265104295295, "IIIIZIIIIZII": 0.18136698712473226, "IIIIXIIIIXII": 0.020918765358725434, "IIIIYIIIIYII": 0.020918765358725434, "IIIZIIIIIZII": 0.18639941053283687, "IIIXIIIIIXII": 0.019398731152762725, "IIIYIIIIIYII": 0.019398731152762725, "IIZIIIIIIZII": 0.20431484114171564, "IIXIIIIIIXII": 0.021025918930823815, "IIYIIIIIIYII": 0.021025918930823815, "IZIIIIIIIZII": 0.19409649202521762, "IXIIIIIIIXII": 0.01498823241147945, "IYIIIIIIIYII": 0.01498823241147945, "ZIIIIIIIIZII": 0.20098426308822492, "XIIIIIIIIXII": 0.014279911709541907, "YIIIIIIIIYII": 0.014279911709541907, "IIIIIIIZZIII": 0.15730059951937786, "IIIIIIIXXIII": 0.04041563546482568, "IIIIIIIYYIII": 0.04041563546482568, "IIIIIIZIZIII": 0.16782809401687093, "IIIIIIXIXIII": 0.033155588855606516, "IIIIIIYIYIII": 0.033155588855606516, "IIIIIZIIZIII": 0.17667580293649096, "IIIIIXIIXIII": 0.02498879545251904, "IIIIIYIIYIII": 0.02498879545251904, "IIIIZIIIZIII": 0.1784062242051248, "IIIIXIIIXIII": 0.022486216945324416, "IIIIYIIIYIII": 0.022486216945324416, "IIIZIIIIZIII": 0.1927493575934199, "IIIXIIIIXIII": 0.025378268295125125, "IIIYIIIIYIII": 0.025378268295125125, "IIZIIIIIZIII": 0.1889677834498191, "IIXIIIIIXIII": 0.019437326300762416, "IIYIIIIIYIII": 0.019437326300762416, "IZIIIIIIZIII": 0.1904809550474249, "IXIIIIIIXIII": 0.015699620678283434, "IYIIIIIIYIII": 0.015699620678283434, "ZIIIIIIIZIII": 0.1973911032766362, "XIIIIIIIXIII": 0.015242458288778297, "YIIIIIIIYIII": 0.015242458288778297, "IIIIIIZZIIII": 0.15823698859959032, "IIIIIIXXIIII": 0.04196531983467929, "IIIIIIYYIIII": 0.04196531983467929, "IIIIIZIZIIII": 0.17364382764351835, "IIIIIXIXIIII": 0.026822272112961627, "IIIIIYIYIIII": 0.026822272112961627, "IIIIZIIZIIII": 0.18342248070466632, "IIIIXIIXIIII": 0.029034371488198082, "IIIIYIIYIIII": 0.029034371488198082, "IIIZIIIZIIII": 0.18091168694793297, "IIIXIIIXIIII": 0.022579960379141322, "IIIYIIIYIIII": 0.022579960379141322, "IIZIIIIZIIII": 0.18625364543014009, "IIXIIIIXIIII": 0.020988794821650652, "IIYIIIIYIIII": 0.020988794821650652, "IZIIIIIZIIII": 0.1946123260837911, "IXIIIIIXIIII": 0.020798554860048116, "IYIIIIIYIIII": 0.020798554860048116, "ZIIIIIIZIIII": 0.19219989230736795, "XIIIIIIXIIII": 0.0162386789384754, "YIIIIIIYIIII": 0.0162386789384754, "IIIIIZZIIIII": 0.18852042484582415, "IIIIIXXIIIII": 0.03025737997204478, "IIIIIYYIIIII": 0.03025737997204478, "IIIIZIZIIIII": 0.1761619919076549, "IIIIXIXIIIII": 0.02718098523583968, "IIIIYIYIIIII": 0.02718098523583968, "IIIZIIZIIIII": 0.18200343213208264, "IIIXIIXIIIII": 0.025570151998886893, "IIIYIIYIIIII": 0.025570151998886893, "IIZIIIZIIIII": 0.1881863250920875, "IIXIIIXIIIII": 0.023756353622041773, "IIYIIIYIIIII": 0.023756353622041773, "IZIIIIZIIIII": 0.1950385407970988, "IXIIIIXIIIII": 0.022579882247771674, "IYIIIIYIIIII": 0.022579882247771674, "ZIIIIIZIIIII": 0.21693758290849877, "XIIIIIXIIIII": 0.024592387930235427, "YIIIIIYIIIII": 0.024592387930235427, "IIIIZZIIIIII": 0.1629266027469739, "IIIIXXIIIIII": 0.042804445919602675, "IIIIYYIIIIII": 0.042804445919602675, "IIIZIZIIIIII": 0.17525202316730623, "IIIXIXIIIIII": 0.03429597895810978, "IIIYIYIIIIII": 0.03429597895810978, "IIZIIZIIIIII": 0.18436236907506603, "IIXIIXIIIIII": 0.029472733671455628, "IIYIIYIIIIII": 0.029472733671455628, "IZIIIZIIIIII": 0.1926269030366586, "IXIIIXIIIIII": 0.026956770878246744, "IYIIIYIIIIII": 0.026956770878246744, "ZIIIIZIIIIII": 0.2149356816433312, "XIIIIXIIIIII": 0.02846652720081365, "YIIIIYIIIIII": 0.02846652720081365, "IIIZZIIIIIII": 0.16647065931366484, "IIIXXIIIIIII": 0.04198528214713077, "IIIYYIIIIIII": 0.04198528214713077, "IIZIZIIIIIII": 0.1764302255274779, "IIXIXIIIIIII": 0.03613789940130289, "IIYIYIIIIIII": 0.03613789940130289, "IZIIZIIIIIII": 0.18750465627467866, "IXIIXIIIIIII": 0.03370434263626881, "IYIIYIIIIIII": 0.03370434263626881, "ZIIIZIIIIIII": 0.1866005576324778, "XIIIXIIIIIII": 0.028189076784718405, "YIIIYIIIIIII": 0.028189076784718405, "IIZZIIIIIIII": 0.17092849743563948,