{"benchmark_category": "chemistry", "problem_type": "hydrogen_lattice_vqe", "instance_name": "h014_chain_1_50", "num_qubits": 14, "solution_algorithms": ["vqe_puccd"], "data": {"geometry": [["H", 0.0, 0.0, -9.75], ["H", 0.0, 0.0, -8.25], ["H", 0.0, 0.0, -6.75], ["H", 0.0, 0.0, -5.25], ["H", 0.0, 0.0, -3.75], ["H", 0.0, 0.0, -2.25], ["H", 0.0, 0.0, -0.75], ["H", 0.0, 0.0, 0.75], ["H", 0.0, 0.0, 2.25], ["H", 0.0, 0.0, 3.75], ["H", 0.0, 0.0, 5.25], ["H", 0.0, 0.0, 6.75], ["H", 0.0, 0.0, 8.25], ["H", 0.0, 0.0, 9.75]], "description": "H14 1D chain, 1.50 Angstroms", "basis": "sto-3g", "mapper": "PairedElectron", "hf_energy": -6.438614546690651, "nuclear_repulsion_energy": 11.120437740372786, "num_spatial_orbitals": 14, "num_alpha": 7, "num_beta": 7, "paired_hamiltonian_dict": {"IIIIIIIIIIIIII": -2.3981483349532797, "IIIIIIIIIIIIIZ": 0.26260076998275816, "IIIIIIIIIIIIZI": 0.2526531496223046, "IIIIIIIIIIIIZZ": 0.11984867106700178, "IIIIIIIIIIIIXX": 0.0451968540629541, "IIIIIIIIIIIIYY": 0.0451968540629541, "IIIIIIIIIIIZII": 0.23520748546187797, "IIIIIIIIIIIZIZ": 0.12724870228920226, "IIIIIIIIIIIXIX": 0.035796853520589283, "IIIIIIIIIIIYIY": 0.035796853520589283, "IIIIIIIIIIZIII": 0.2099424224986542, "IIIIIIIIIIZIIZ": 0.13217382788771648, "IIIIIIIIIIXIIX": 0.029448352049514234, "IIIIIIIIIIYIIY": 0.029448352049514234, "IIIIIIIIIZIIII": 0.17658528381241445, "IIIIIIIIIZIIIZ": 0.13511738277977867, "IIIIIIIIIXIIIX": 0.024760217161706597, "IIIIIIIIIYIIIY": 0.024760217161706597, "IIIIIIIIZIIIII": 0.1350749341170782, "IIIIIIIIZIIIIZ": 0.1354117397950397, "IIIIIIIIXIIIIX": 0.02061336375655016, "IIIIIIIIYIIIIY": 0.02061336375655016, "IIIIIIIZIIIIII": 0.08862286443528757, "IIIIIIIZIIIIIZ": 0.1643729915998005, "IIIIIIIXIIIIIX": 0.02440978118723443, "IIIIIIIYIIIIIY": 0.02440978118723443, "IIIIIIZIIIIIII": 0.0402006216328135, "IIIIIIZIIIIIIZ": 0.16712736555954366, "IIIIIIXIIIIIIX": 0.022435631923696735, "IIIIIIYIIIIIIY": 0.022435631923696735, "IIIIIZIIIIIIII": -0.01597196246291517, "IIIIIZIIIIIIIZ": 0.14369481035906495, "IIIIIXIIIIIIIX": 0.01467998722141997, "IIIIIYIIIIIIIY": 0.01467998722141997, "IIIIZIIIIIIIII": -0.08047995888704722, "IIIIZIIIIIIIIZ": 0.14934978926286074, "IIIIXIIIIIIIIX": 0.014339181166726733, "IIIIYIIIIIIIIY": 0.014339181166726733, "IIIZIIIIIIIIII": -0.14594236647701353, "IIIZIIIIIIIIIZ": 0.15299346232965005, "IIIXIIIIIIIIIX": 0.013654395469135376, "IIIYIIIIIIIIIY": 0.013654395469135376, "IIZIIIIIIIIIII": -0.20728446520302723, "IIZIIIIIIIIIIZ": 0.1558473927306851, "IIXIIIIIIIIIIX": 0.013028219305565789, "IIYIIIIIIIIIIY": 0.013028219305565789, "IZIIIIIIIIIIII": -0.2585371226988284, "IZIIIIIIIIIIIZ": 0.15808189563296526, "IXIIIIIIIIIIIX": 0.01247277333774116, "IYIIIIIIIIIIIY": 0.01247277333774116, "ZIIIIIIIIIIIII": -0.2932421375575792, "ZIIIIIIIIIIIIZ": 0.20441599058120058, "XIIIIIIIIIIIIX": 0.0183867179842376, "YIIIIIIIIIIIIY": 0.0183867179842376, "IIIIIIIIIIIZZI": 0.12031378502702181, "IIIIIIIIIIIXXI": 0.03906619824922966, "IIIIIIIIIIIYYI": 0.03906619824922966, "IIIIIIIIIIZIZI": 0.12631910718362094, "IIIIIIIIIIXIXI": 0.03166585785985998, "IIIIIIIIIIYIYI": 0.03166585785985998, "IIIIIIIIIZIIZI": 0.12977440216323716, "IIIIIIIIIXIIXI": 0.02592942297665724, "IIIIIIIIIYIIYI": 0.02592942297665724, "IIIIIIIIZIIIZI": 0.14157085018932763, "IIIIIIIIXIIIXI": 0.026052828545625697, "IIIIIIIIYIIIYI": 0.026052828545625697, "IIIIIIIZIIIIZI": 0.1446475216557033, "IIIIIIIXIIIIXI": 0.021547771211013526, "IIIIIIIYIIIIYI": 0.021547771211013526, "IIIIIIZIIIIIZI": 0.14756768812938043, "IIIIIIXIIIIIXI": 0.01923196174698808, "IIIIIIYIIIIIYI": 0.01923196174698808, "IIIIIZIIIIIIZI": 0.15018428315636403, "IIIIIXIIIIIIXI": 0.019499238239618435, "IIIIIYIIIIIIYI": 0.019499238239618435, "IIIIZIIIIIIIZI": 0.14485279148052307, "IIIIXIIIIIIIXI": 0.014321421460635867, "IIIIYIIIIIIIYI": 0.014321421460635867, "IIIZIIIIIIIIZI": 0.14859149453036424, "IIIXIIIIIIIIXI": 0.013920302229712266, "IIIYIIIIIIIIYI": 0.013920302229712266, "IIZIIIIIIIIIZI": 0.1510702980362726, "IIXIIIIIIIIIXI": 0.013212956341399976, "IIYIIIIIIIIIYI": 0.013212956341399976, "IZIIIIIIIIIIZI": 0.17945364889636972, "IXIIIIIIIIIIXI": 0.018723459275144794, "IYIIIIIIIIIIYI": 0.018723459275144794, "ZIIIIIIIIIIIZI": 0.1601184648838046, "XIIIIIIIIIIIXI": 0.012710739008069434, "YIIIIIIIIIIIYI": 0.012710739008069434, "IIIIIIIIIIZZII": 0.1208556900801214, "IIIIIIIIIIXXII": 0.03520956151423169, "IIIIIIIIIIYYII": 0.03520956151423169, "IIIIIIIIIZIZII": 0.13016388473905005, "IIIIIIIIIXIXII": 0.03183119788182517, "IIIIIIIIIYIYII": 0.03183119788182517, "IIIIIIIIZIIZII": 0.13384487789515673, "IIIIIIIIXIIXII": 0.026277128062896216, "IIIIIIIIYIIYII": 0.026277128062896216, "IIIIIIIZIIIZII": 0.1402477823842341, "IIIIIIIXIIIXII": 0.02272690051155186, "IIIIIIIYIIIYII": 0.02272690051155186, "IIIIIIZIIIIZII": 0.14392438047422534, "IIIIIIXIIIIXII": 0.019571062061903788, "IIIIIIYIIIIYII": 0.019571062061903788, "IIIIIZIIIIIZII": 0.14355525263701804, "IIIIIXIIIIIXII": 0.018426650110415835, "IIIIIYIIIIIYII": 0.018426650110415835, "IIIIZIIIIIIZII": 0.1471654053200684, "IIIIXIIIIIIXII": 0.018069718762394264, "IIIIYIIIIIIYII": 0.018069718762394264, "IIIZIIIIIIIZII": 0.14619394629284166, "IIIXIIIIIIIXII": 0.01401375764503645, "IIIYIIIIIIIYII": 0.01401375764503645, "IIZIIIIIIIIZII": 0.16597140440682867, "IIXIIIIIIIIXII": 0.019406907707501888, "IIYIIIIIIIIYII": 0.019406907707501888, "IZIIIIIIIIIZII": 0.1529645146959961, "IXIIIIIIIIIXII": 0.013497252782035795, "IYIIIIIIIIIYII": 0.013497252782035795, "ZIIIIIIIIIIZII": 0.15736587782882247, "XIIIIIIIIIIXII": 0.013034349991736966, "YIIIIIIIIIIYII": 0.013034349991736966, "IIIIIIIIIZZIII": 0.12357485800767055, "IIIIIIIIIXXIII": 0.03523208058689558, "IIIIIIIIIYYIII": 0.03523208058689558, "IIIIIIIIZIZIII": 0.12919316339942746, "IIIIIIIIXIXIII": 0.02934601824345596, "IIIIIIIIYIYIII": 0.02934601824345596, "IIIIIIIZIIZIII": 0.13635891106434364, "IIIIIIIXIIXIII": 0.02521530837902421, "IIIIIIIYIIYIII": 0.02521530837902421, "IIIIIIZIIIZIII": 0.14153154111672228, "IIIIIIXIIIXIII": 0.020437543979141895, "IIIIIIYIIIYIII": 0.020437543979141895, "IIIIIZIIIIZIII": 0.14119811429994777, "IIIIIXIIIIXIII": 0.019069100711039535, "IIIIIYIIIIYIII": 0.019069100711039535, "IIIIZIIIIIZIII": 0.14386500796557028, "IIIIXIIIIIXIII": 0.017843617335928475, "IIIIYIIIIIYIII": 0.017843617335928475, "IIIZIIIIIIZIII": 0.15891555490165896, "IIIXIIIIIIXIII": 0.023054463377905628, "IIIYIIIIIIYIII": 0.023054463377905628, "IIZIIIIIIIZIII": 0.14794007906414705, "IIXIIIIIIIXIII": 0.014314793896991338, "IIYIIIIIIIYIII": 0.014314793896991338, "IZIIIIIIIIZIII": 0.15072041863278365, "IXIIIIIIIIXIII": 0.014014443939061951, "IYIIIIIIIIYIII": 0.014014443939061951, "ZIIIIIIIIIZIII": 0.15533793943451127, "XIIIIIIIIIXIII": 0.013647723211134223, "YIIIIIIIIIYIII": 0.013647723211134223, "IIIIIIIIZZIIII": 0.12355353608372407, "IIIIIIIIXXIIII": 0.034548053872973584, "IIIIIIIIYYIIII": 0.034548053872973584, "IIIIIIIZIZIIII": 0.13111073075066315, "IIIIIIIXIXIIII": 0.029457238162150918, "IIIIIIIYIYIIII": 0.029457238162150918, "IIIIIIZIIZIIII": 0.1393292620137403, "IIIIIIXIIXIIII": 0.021436771678864472, "IIIIIIYIIYIIII": 0.021436771678864472, "IIIIIZIIIZIIII": 0.13954981620418744, "IIIIIXIIIXIIII": 0.020067552139738758, "IIIIIYIIIYIIII": 0.020067552139738758, "IIIIZIIIIZIIII": 0.1505844880959346, "IIIIXIIIIXIIII": 0.023948479661092044, "IIIIYIIIIYIIII": 0.023948479661092044, "IIIZIIIIIZIIII": 0.14549699705546726, "IIIXIIIIIXIIII": 0.0181381469955472, "IIIYIIIIIYIIII": 0.0181381469955472, "IIZIIIIIIZIIII": 0.14990755435129244, "IIXIIIIIIXIIII": 0.018352224609954327, "IIYIIIIIIYIIII": 0.018352224609954327, "IZIIIIIIIZIIII": 0.14807584707477145, "IXIIIIIIIXIIII": 0.01451710279737621, "IYIIIIIIIYIIII": 0.01451710279737621, "ZIIIIIIIIZIIII": 0.15288368836238167, "XIIIIIIIIXIIII": 0.014434380439006638, "YIIIIIIIIYIIII": 0.014434380439006638, "IIIIIIIZZIIIII": 0.12299194060166019, "IIIIIIIXXIIIII": 0.036825666650528235, "IIIIIIIYYIIIII": 0.036825666650528235,