{"benchmark_category": "chemistry", "problem_type": "hydrogen_lattice_vqe", "instance_name": "h014_chain_1_00", "num_qubits": 14, "solution_algorithms": ["vqe_puccd"], "data": {"geometry": [["H", 0.0, 0.0, -6.5], ["H", 0.0, 0.0, -5.5], ["H", 0.0, 0.0, -4.5], ["H", 0.0, 0.0, -3.5], ["H", 0.0, 0.0, -2.5], ["H", 0.0, 0.0, -1.5], ["H", 0.0, 0.0, -0.5], ["H", 0.0, 0.0, 0.5], ["H", 0.0, 0.0, 1.5], ["H", 0.0, 0.0, 2.5], ["H", 0.0, 0.0, 3.5], ["H", 0.0, 0.0, 4.5], ["H", 0.0, 0.0, 5.5], ["H", 0.0, 0.0, 6.5]], "description": "H14 1D chain, 1.00 Angstroms", "basis": "sto-3g", "mapper": "PairedElectron", "hf_energy": -7.294620477820338, "nuclear_repulsion_energy": 16.68065661055918, "num_spatial_orbitals": 14, "num_alpha": 7, "num_beta": 7, "paired_hamiltonian_dict": {"IIIIIIIIIIIIII": 0.5746317923843627, "IIIIIIIIIIIIIZ": 0.39098631483865665, "IIIIIIIIIIIIZI": 0.3743865650164666, "IIIIIIIIIIIIZZ": 0.1663499887982322, "IIIIIIIIIIIIXX": 0.05419674419912037, "IIIIIIIIIIIIYY": 0.05419674419912037, "IIIIIIIIIIIZII": 0.34255512231617463, "IIIIIIIIIIIZIZ": 0.17623860341829034, "IIIIIIIIIIIXIX": 0.04071197089034057, "IIIIIIIIIIIYIY": 0.04071197089034057, "IIIIIIIIIIZIII": 0.2947156281665469, "IIIIIIIIIIZIIZ": 0.18237014838469884, "IIIIIIIIIIXIIX": 0.0320803939640167, "IIIIIIIIIIYIIY": 0.0320803939640167, "IIIIIIIIIZIIII": 0.23007103545125906, "IIIIIIIIIZIIIZ": 0.18583272342585289, "IIIIIIIIIXIIIX": 0.02611059405681538, "IIIIIIIIIYIIIY": 0.02611059405681538, "IIIIIIIIZIIIII": 0.14697476928939013, "IIIIIIIIZIIIIZ": 0.18638314464989775, "IIIIIIIIXIIIIX": 0.021347385195894186, "IIIIIIIIYIIIIY": 0.021347385195894186, "IIIIIIIZIIIIII": 0.04377094435674797, "IIIIIIIZIIIIIZ": 0.2141477842084309, "IIIIIIIXIIIIIX": 0.022835863541165673, "IIIIIIIYIIIIIY": 0.022835863541165673, "IIIIIIZIIIIIII": -0.06990802783853509, "IIIIIIZIIIIIIZ": 0.21766556425590905, "IIIIIIXIIIIIIX": 0.020395451554703126, "IIIIIIYIIIIIIY": 0.020395451554703126, "IIIIIZIIIIIIII": -0.2021688617170046, "IIIIIZIIIIIIIZ": 0.19813056811091498, "IIIIIXIIIIIIIX": 0.014227693829158441, "IIIIIYIIIIIIIY": 0.014227693829158441, "IIIIZIIIIIIIII": -0.36324334804168457, "IIIIZIIIIIIIIZ": 0.2069194890182941, "IIIIXIIIIIIIIX": 0.013700881342041641, "IIIIYIIIIIIIIY": 0.013700881342041641, "IIIZIIIIIIIIII": -0.5412489873362542, "IIIZIIIIIIIIIZ": 0.2131275427642353, "IIIXIIIIIIIIIX": 0.0127538543515747, "IIIYIIIIIIIIIY": 0.0127538543515747, "IIZIIIIIIIIIII": -0.7247464564911449, "IIZIIIIIIIIIIZ": 0.21823522992300298, "IIXIIIIIIIIIIX": 0.011818230303432858, "IIYIIIIIIIIIIY": 0.011818230303432858, "IZIIIIIIIIIIII": -0.893174224092401, "IZIIIIIIIIIIIZ": 0.222347296969035, "IXIIIIIIIIIIIX": 0.01095611693118115, "IYIIIIIIIIIIIY": 0.01095611693118115, "ZIIIIIIIIIIIII": -1.0169023315507348, "ZIIIIIIIIIIIIZ": 0.28306611879032206, "XIIIIIIIIIIIIX": 0.015571665832765811, "YIIIIIIIIIIIIY": 0.015571665832765811, "IIIIIIIIIIIZZI": 0.16575295724133235, "IIIIIIIIIIIXXI": 0.04590330200824736, "IIIIIIIIIIIYYI": 0.04590330200824736, "IIIIIIIIIIZIZI": 0.1738522704136391, "IIIIIIIIIIXIXI": 0.03552652046216265, "IIIIIIIIIIYIYI": 0.03552652046216265, "IIIIIIIIIZIIZI": 0.17861430860742938, "IIIIIIIIIXIIXI": 0.028166196391225022, "IIIIIIIIIYIIYI": 0.028166196391225022, "IIIIIIIIZIIIZI": 0.18834860228273326, "IIIIIIIIXIIIXI": 0.025558310089410508, "IIIIIIIIYIIIYI": 0.025558310089410508, "IIIIIIIZIIIIZI": 0.19628340207701253, "IIIIIIIXIIIIXI": 0.021909712787882722, "IIIIIIIYIIIIYI": 0.021909712787882722, "IIIIIIZIIIIIZI": 0.20034210575886063, "IIIIIIXIIIIIXI": 0.019225322983021192, "IIIIIIYIIIIIYI": 0.019225322983021192, "IIIIIZIIIIIIZI": 0.20074801321848768, "IIIIIXIIIIIIXI": 0.017547564500194086, "IIIIIYIIIIIIYI": 0.017547564500194086, "IIIIZIIIIIIIZI": 0.20049619049134992, "IIIIXIIIIIIIXI": 0.013878844860349977, "IIIIYIIIIIIIYI": 0.013878844860349977, "IIIZIIIIIIIIZI": 0.20645456780934196, "IIIXIIIIIIIIXI": 0.013135065535285699, "IIIYIIIIIIIIYI": 0.013135065535285699, "IIZIIIIIIIIIZI": 0.2110600841600973, "IIXIIIIIIIIIXI": 0.012109935104235928, "IIYIIIIIIIIIYI": 0.012109935104235928, "IZIIIIIIIIIIZI": 0.24467199409493395, "IXIIIIIIIIIIXI": 0.01596769853732275, "IYIIIIIIIIIIYI": 0.01596769853732275, "ZIIIIIIIIIIIZI": 0.22468992230215504, "XIIIIIIIIIIIXI": 0.010879201306983466, "YIIIIIIIIIIIYI": 0.010879201306983466, "IIIIIIIIIIZZII": 0.16589128653124038, "IIIIIIIIIIXXII": 0.04137167584067485, "IIIIIIIIIIYYII": 0.04137167584067485, "IIIIIIIIIZIZII": 0.17552710700291108, "IIIIIIIIIXIXII": 0.034029389865777825, "IIIIIIIIIYIYII": 0.034029389865777825, "IIIIIIIIZIIZII": 0.18165703475241318, "IIIIIIIIXIIXII": 0.027817427536275575, "IIIIIIIIYIIYII": 0.027817427536275575, "IIIIIIIZIIIZII": 0.19077048448941217, "IIIIIIIXIIIXII": 0.02375360086518068, "IIIIIIIYIIIYII": 0.02375360086518068, "IIIIIIZIIIIZII": 0.1955220382744987, "IIIIIIXIIIIXII": 0.02023467986053029, "IIIIIIYIIIIYII": 0.02023467986053029, "IIIIIZIIIIIZII": 0.1956143692317722, "IIIIIXIIIIIXII": 0.0180726257554764, "IIIIIYIIIIIYII": 0.0180726257554764, "IIIIZIIIIIIZII": 0.2002860320599607, "IIIIXIIIIIIXII": 0.016412274876319945, "IIIIYIIIIIIYII": 0.016412274876319945, "IIIZIIIIIIIZII": 0.20327571940990852, "IIIXIIIIIIIXII": 0.013556044659141024, "IIIYIIIIIIIYII": 0.013556044659141024, "IIZIIIIIIIIZII": 0.22452228583292533, "IIXIIIIIIIIXII": 0.016847221257012737, "IIYIIIIIIIIYII": 0.016847221257012737, "IZIIIIIIIIIZII": 0.21319165947353452, "IXIIIIIIIIIXII": 0.011921167715761736, "IYIIIIIIIIIYII": 0.011921167715761736, "ZIIIIIIIIIIZII": 0.22014594571872936, "XIIIIIIIIIIXII": 0.011224430287317547, "YIIIIIIIIIIYII": 0.011224430287317547, "IIIIIIIIIZZIII": 0.16766045749154446, "IIIIIIIIIXXIII": 0.0404378222679098, "IIIIIIIIIYYIII": 0.0404378222679098, "IIIIIIIIZIZIII": 0.1757593097956704, "IIIIIIIIXIXIII": 0.03253027277858803, "IIIIIIIIYIYIII": 0.03253027277858803, "IIIIIIIZIIZIII": 0.1857892207486564, "IIIIIIIXIIXIII": 0.027143634001694884, "IIIIIIIYIIYIII": 0.027143634001694884, "IIIIIIZIIIZIII": 0.1919554519350064, "IIIIIIXIIIXIII": 0.02203579823483016, "IIIIIIYIIIYIII": 0.02203579823483016, "IIIIIZIIIIZIII": 0.19275078163902298, "IIIIIXIIIIXIII": 0.019546232703378665, "IIIIIYIIIIYIII": 0.019546232703378665, "IIIIZIIIIIZIII": 0.19750282145756393, "IIIIXIIIIIXIII": 0.01753197451658884, "IIIIYIIIIIYIII": 0.01753197451658884, "IIIZIIIIIIZIII": 0.21192154228712323, "IIIXIIIIIIXIII": 0.01955208245639714, "IIIYIIIIIIYIII": 0.01955208245639714, "IIZIIIIIIIZIII": 0.20544517560592296, "IIXIIIIIIIXIII": 0.013320289132000715, "IIYIIIIIIIYIII": 0.013320289132000715, "IZIIIIIIIIZIII": 0.20997932301434133, "IXIIIIIIIIXIII": 0.012549218188070014, "IYIIIIIIIIYIII": 0.012549218188070014, "ZIIIIIIIIIZIII": 0.21702505544336193, "XIIIIIIIIIXIII": 0.011900398021683745, "YIIIIIIIIIYIII": 0.011900398021683745, "IIIIIIIIZZIIII": 0.16817980681179648, "IIIIIIIIXXIIII": 0.03993553893472174, "IIIIIIIIYYIIII": 0.03993553893472174, "IIIIIIIZIZIIII": 0.17930621917962258, "IIIIIIIXIXIIII": 0.032741945718655734, "IIIIIIIYIYIIII": 0.032741945718655734, "IIIIIIZIIZIIII": 0.18841751492827546, "IIIIIIXIIXIIII": 0.024431977603528544, "IIIIIIYIIYIIII": 0.024431977603528544, "IIIIIZIIIZIIII": 0.19035554126375467, "IIIIIXIIIXIIII": 0.021643911295335144, "IIIIIYIIIYIIII": 0.021643911295335144, "IIIIZIIIIZIIII": 0.2010521398170035, "IIIIXIIIIXIIII": 0.022390401537343042, "IIIIYIIIIYIIII": 0.022390401537343042, "IIIZIIIIIZIIII": 0.19982611394312358, "IIIXIIIIIXIIII": 0.017276712058042255, "IIIYIIIIIYIIII": 0.017276712058042255, "IIZIIIIIIZIIII": 0.20511936182526608, "IIXIIIIIIXIIII": 0.016034757352843647, "IIYIIIIIIYIIII": 0.016034757352843647, "IZIIIIIIIZIIII": 0.20682779575052196, "IXIIIIIIIXIIII": 0.013305797875116269, "IYIIIIIIIYIIII": 0.013305797875116269, "ZIIIIIIIIZIIII": 0.21379670474697954, "XIIIIIIIIXIIII": 0.012822946194839343, "YIIIIIIIIYIIII": 0.012822946194839343, "IIIIIIIZZIIIII": 0.16974983340502053, "IIIIIIIXXIIIII": 0.04218464923903241, "IIIIIIIYYIIIII": 0.04218464923903241, "IIIIIIZIZIIIII": 0.1853906119344587,