{"benchmark_category": "chemistry", "problem_type": "hydrogen_lattice_vqe", "instance_name": "h014_chain_0_75", "num_qubits": 14, "solution_algorithms": ["vqe_puccd"], "data": {"geometry": [["H", 0.0, 0.0, -4.875], ["H", 0.0, 0.0, -4.125], ["H", 0.0, 0.0, -3.375], ["H", 0.0, 0.0, -2.625], ["H", 0.0, 0.0, -1.875], ["H", 0.0, 0.0, -1.125], ["H", 0.0, 0.0, -0.375], ["H", 0.0, 0.0, 0.375], ["H", 0.0, 0.0, 1.125], ["H", 0.0, 0.0, 1.875], ["H", 0.0, 0.0, 2.625], ["H", 0.0, 0.0, 3.375], ["H", 0.0, 0.0, 4.125], ["H", 0.0, 0.0, 4.875]], "description": "H14 1D chain, 0.75 Angstroms", "basis": "sto-3g", "mapper": "PairedElectron", "hf_energy": -7.055181642497722, "nuclear_repulsion_energy": 22.240875480745572, "num_spatial_orbitals": 14, "num_alpha": 7, "num_beta": 7, "paired_hamiltonian_dict": {"IIIIIIIIIIIIII": 5.48125576135801, "IIIIIIIIIIIIIZ": 0.48576107743188995, "IIIIIIIIIIIIZI": 0.4616114678891611, "IIIIIIIIIIIIZZ": 0.2106726018032089, "IIIIIIIIIIIIXX": 0.06022337543240345, "IIIIIIIIIIIIYY": 0.06022337543240345, "IIIIIIIIIIIZII": 0.4124495611661488, "IIIIIIIIIIIZIZ": 0.22104728463476486, "IIIIIIIIIIIXIX": 0.043124497055453855, "IIIIIIIIIIIYIY": 0.043124497055453855, "IIIIIIIIIIZIII": 0.3371549510949604, "IIIIIIIIIIZIIZ": 0.22722521526371528, "IIIIIIIIIIXIIX": 0.032948647037085076, "IIIIIIIIIIYIIY": 0.032948647037085076, "IIIIIIIIIZIIII": 0.23471898810246192, "IIIIIIIIIZIIIZ": 0.23034951666814577, "IIIIIIIIIXIIIX": 0.02625354690458973, "IIIIIIIIIYIIIY": 0.02625354690458973, "IIIIIIIIZIIIII": 0.10207418706520363, "IIIIIIIIZIIIIZ": 0.2302496481425458, "IIIIIIIIXIIIIX": 0.02114058324022071, "IIIIIIIIYIIIIY": 0.02114058324022071, "IIIIIIIZIIIIII": -0.06953445446149228, "IIIIIIIZIIIIIZ": 0.25855060127458035, "IIIIIIIXIIIIIX": 0.021820035741312593, "IIIIIIIYIIIIIY": 0.021820035741312593, "IIIIIIZIIIIIII": -0.26000225798655985, "IIIIIIZIIIIIIZ": 0.2640148307751788, "IIIIIIXIIIIIIX": 0.019435347481460707, "IIIIIIYIIIIIIY": 0.019435347481460707, "IIIIIZIIIIIIII": -0.4807413279134828, "IIIIIZIIIIIIIZ": 0.24772685090150554, "IIIIIXIIIIIIIX": 0.014101819608961301, "IIIIIYIIIIIIIY": 0.014101819608961301, "IIIIZIIIIIIIII": -0.7580650270181364, "IIIIZIIIIIIIIZ": 0.26032943202309905, "IIIIXIIIIIIIIX": 0.013625443997650718, "IIIIYIIIIIIIIY": 0.013625443997650718, "IIIZIIIIIIIIII": -1.0795311785856854, "IIIZIIIIIIIIIZ": 0.26927920316259035, "IIIXIIIIIIIIIX": 0.012567121758241531, "IIIYIIIIIIIIIY": 0.012567121758241531, "IIZIIIIIIIIIII": -1.4377432349192412, "IIZIIIIIIIIIIZ": 0.2764367914403763, "IIXIIIIIIIIIIX": 0.011447505801161589, "IIYIIIIIIIIIIY": 0.011447505801161589, "IZIIIIIIIIIIII": -1.8026103666239544, "IZIIIIIIIIIIIZ": 0.2814174493875298, "IXIIIIIIIIIIIX": 0.010274458705717155, "IYIIIIIIIIIIIY": 0.010274458705717155, "ZIIIIIIIIIIIII": -2.1013356313780123, "ZIIIIIIIIIIIIZ": 0.35521003186727745, "XIIIIIIIIIIIIX": 0.014327552202867034, "YIIIIIIIIIIIIY": 0.014327552202867034, "IIIIIIIIIIIZZI": 0.20761048617848654, "IIIIIIIIIIIXXI": 0.051142003189639566, "IIIIIIIIIIIYYI": 0.051142003189639566, "IIIIIIIIIIZIZI": 0.21697135060310413, "IIIIIIIIIIXIXI": 0.03791954109951456, "IIIIIIIIIIYIYI": 0.03791954109951456, "IIIIIIIIIZIIZI": 0.22198835796185598, "IIIIIIIIIXIIXI": 0.029158843310806946, "IIIIIIIIIYIIYI": 0.029158843310806946, "IIIIIIIIZIIIZI": 0.23054707134478242, "IIIIIIIIXIIIXI": 0.025248272661567938, "IIIIIIIIYIIIYI": 0.025248272661567938, "IIIIIIIZIIIIZI": 0.24210488490885768, "IIIIIIIXIIIIXI": 0.022068037857187434, "IIIIIIIYIIIIYI": 0.022068037857187434, "IIIIIIZIIIIIZI": 0.24781253459812821, "IIIIIIXIIIIIXI": 0.01932414317773865, "IIIIIIYIIIIIYI": 0.01932414317773865, "IIIIIZIIIIIIZI": 0.2480473750344974, "IIIIIXIIIIIIXI": 0.01697536746698012, "IIIIIYIIIIIIYI": 0.01697536746698012, "IIIIZIIIIIIIZI": 0.2519671584085994, "IIIIXIIIIIIIXI": 0.014015084247501903, "IIIIYIIIIIIIYI": 0.014015084247501903, "IIIZIIIIIIIIZI": 0.26027645282871426, "IIIXIIIIIIIIXI": 0.013138542368088101, "IIIYIIIIIIIIYI": 0.013138542368088101, "IIZIIIIIIIIIZI": 0.266494872053737, "IIXIIIIIIIIIXI": 0.011841285204105443, "IIYIIIIIIIIIYI": 0.011841285204105443, "IZIIIIIIIIIIZI": 0.30292863392207636, "IXIIIIIIIIIIXI": 0.01475105891999755, "IYIIIIIIIIIIYI": 0.01475105891999755, "ZIIIIIIIIIIIZI": 0.28571970720978473, "XIIIIIIIIIIIXI": 0.010222631752596764, "YIIIIIIIIIIIYI": 0.010222631752596764, "IIIIIIIIIIZZII": 0.20631655457078996, "IIIIIIIIIIXXII": 0.04628712930008543, "IIIIIIIIIIYYII": 0.04628712930008543, "IIIIIIIIIZIZII": 0.21679073838228416, "IIIIIIIIIXIXII": 0.03601480795907092, "IIIIIIIIIYIYII": 0.03601480795907092, "IIIIIIIIZIIZII": 0.2242698834560873, "IIIIIIIIXIIXII": 0.02894718296651381, "IIIIIIIIYIIYII": 0.02894718296651381, "IIIIIIIZIIIZII": 0.23559218344023167, "IIIIIIIXIIIXII": 0.024641112746678007, "IIIIIIIYIIIYII": 0.024641112746678007, "IIIIIIZIIIIZII": 0.2419484469766195, "IIIIIIXIIIIXII": 0.02096181771079815, "IIIIIIYIIIIYII": 0.02096181771079815, "IIIIIZIIIIIZII": 0.24327445973234255, "IIIIIXIIIIIXII": 0.018351024720750043, "IIIIIYIIIIIYII": 0.018351024720750043, "IIIIZIIIIIIZII": 0.24998140064605825, "IIIIXIIIIIIXII": 0.016307573450446262, "IIIIYIIIIIIYII": 0.016307573450446262, "IIIZIIIIIIIZII": 0.25569449401913225, "IIIXIIIIIIIXII": 0.013817805996354581, "IIIYIIIIIIIYII": 0.013817805996354581, "IIZIIIIIIIIZII": 0.2771723170889953, "IIXIIIIIIIIXII": 0.015917986125659683, "IIYIIIIIIIIYII": 0.015917986125659683, "IZIIIIIIIIIZII": 0.2691323875160764, "IXIIIIIIIIIXII": 0.011568970228602616, "IYIIIIIIIIIYII": 0.011568970228602616, "ZIIIIIIIIIIZII": 0.27719127398235544, "XIIIIIIIIIIXII": 0.010519068764331433, "YIIIIIIIIIIYII": 0.010519068764331433, "IIIIIIIIIZZIII": 0.20709090748620618, "IIIIIIIIIXXIII": 0.04514906524076472, "IIIIIIIIIYYIII": 0.04514906524076472, "IIIIIIIIZIZIII": 0.21726032229116418, "IIIIIIIIXIXIII": 0.03530486242366034, "IIIIIIIIYIYIII": 0.03530486242366034, "IIIIIIIZIIZIII": 0.2296178094854116, "IIIIIIIXIIXIII": 0.029060881264750645, "IIIIIIIYIIYIII": 0.029060881264750645, "IIIIIIZIIIZIII": 0.2374378574684843, "IIIIIIXIIIXIII": 0.023621339947387278, "IIIIIIYIIIYIII": 0.023621339947387278, "IIIIIZIIIIZIII": 0.2398372273342993, "IIIIIXIIIIXIII": 0.020513103380793433, "IIIIIYIIIIYIII": 0.020513103380793433, "IIIIZIIIIIZIII": 0.24673989430749493, "IIIIXIIIIIXIII": 0.01809582993088567, "IIIIYIIIIIYIII": 0.01809582993088567, "IIIZIIIIIIZIII": 0.26093373072970605, "IIIXIIIIIIXIII": 0.0185929257028847, "IIIYIIIIIIYIII": 0.0185929257028847, "IIZIIIIIIIZIII": 0.2579451215652639, "IIXIIIIIIIXIII": 0.013390968840023549, "IIYIIIIIIIYIII": 0.013390968840023549, "IZIIIIIIIIZIII": 0.26393814342018673, "IXIIIIIIIIXIII": 0.012258853496778186, "IYIIIIIIIIYIII": 0.012258853496778186, "ZIIIIIIIIIZIII": 0.2725606133744898, "XIIIIIIIIIXIII": 0.011309010050167694, "YIIIIIIIIIYIII": 0.011309010050167694, "IIIIIIIIZZIIII": 0.20770364307076525, "IIIIIIIIXXIIII": 0.04510292445739499, "IIIIIIIIYYIIII": 0.04510292445739499, "IIIIIIIZIZIIII": 0.22184421156957304, "IIIIIIIXIXIIII": 0.036162685108065244, "IIIIIIIYIYIIII": 0.036162685108065244, "IIIIIIZIIZIIII": 0.2328013477943052, "IIIIIIXIIXIIII": 0.027215702176983093, "IIIIIIYIIYIIII": 0.027215702176983093, "IIIIIZIIIZIIII": 0.23667219809592863, "IIIIIXIIIXIIII": 0.023476055311504297, "IIIIIYIIIYIIII": 0.023476055311504297, "IIIIZIIIIZIIII": 0.24779372071132266, "IIIIXIIIIXIIII": 0.022514644143823686, "IIIIYIIIIYIIII": 0.022514644143823686, "IIIZIIIIIZIIII": 0.24936957675802426, "IIIXIIIIIXIIII": 0.017592969273537783, "IIIYIIIIIYIIII": 0.017592969273537783, "IIZIIIIIIZIIII": 0.2558480012776053, "IIXIIIIIIXIIII": 0.015719029722643576, "IIYIIIIIIYIIII": 0.015719029722643576, "IZIIIIIIIZIIII": 0.25971345117269173, "IXIIIIIIIXIIII": 0.013186217561887167, "IYIIIIIIIYIIII": 0.013186217561887167, "ZIIIIIIIIZIIII": 0.2683784629163118, "XIIIIIIIIXIIII": 0.012395459652216117, "YIIIIIIIIYIIII": 0.012395459652216117, "IIIIIIIZZIIIII": 0.21061120003919434, "IIIIIIIXXIIIII": 0.04783053549211151, "IIIIIIIYYIIIII": 0.04783053549211151,