{"benchmark_category": "chemistry", "problem_type": "hydrogen_lattice_vqe", "instance_name": "h014_chain_2_00", "num_qubits": 14, "solution_algorithms": ["vqe_puccd"], "data": {"geometry": [["H", 0.0, 0.0, -13.0], ["H", 0.0, 0.0, -11.0], ["H", 0.0, 0.0, -9.0], ["H", 0.0, 0.0, -7.0], ["H", 0.0, 0.0, -5.0], ["H", 0.0, 0.0, -3.0], ["H", 0.0, 0.0, -1.0], ["H", 0.0, 0.0, 1.0], ["H", 0.0, 0.0, 3.0], ["H", 0.0, 0.0, 5.0], ["H", 0.0, 0.0, 7.0], ["H", 0.0, 0.0, 9.0], ["H", 0.0, 0.0, 11.0], ["H", 0.0, 0.0, 13.0]], "description": "H14 1D chain, 2.00 Angstroms", "basis": "sto-3g", "mapper": "PairedElectron", "hf_energy": -5.540671674078345, "nuclear_repulsion_energy": 8.34032830527959, "num_spatial_orbitals": 14, "num_alpha": 7, "num_beta": 7, "paired_hamiltonian_dict": {"IIIIIIIIIIIIII": -3.0984274436018637, "IIIIIIIIIIIIIZ": 0.17867619314981542, "IIIIIIIIIIIIZI": 0.17267606317560127, "IIIIIIIIIIIIZZ": 0.09597804338920814, "IIIIIIIIIIIIXX": 0.039902134743035965, "IIIIIIIIIIIIYY": 0.039902134743035965, "IIIIIIIIIIIZII": 0.16254422868021856, "IIIIIIIIIIIZIZ": 0.10145052531445528, "IIIIIIIIIIIXIX": 0.03264001555273013, "IIIIIIIIIIIYIY": 0.03264001555273013, "IIIIIIIIIIZIII": 0.1482727379087768, "IIIIIIIIIIZIIZ": 0.10529913659694978, "IIIIIIIIIIXIIX": 0.027670331168007795, "IIIIIIIIIIYIIY": 0.027670331168007795, "IIIIIIIIIZIIII": 0.13000605318166678, "IIIIIIIIIZIIIZ": 0.10766332025328806, "IIIIIIIIIXIIIX": 0.02385387054744839, "IIIIIIIIIYIIIY": 0.02385387054744839, "IIIIIIIIZIIIII": 0.10849221970319373, "IIIIIIIIZIIIIZ": 0.10760311494610846, "IIIIIIIIXIIIIX": 0.020138834773089222, "IIIIIIIIYIIIIY": 0.020138834773089222, "IIIIIIIZIIIIII": 0.08735087460182162, "IIIIIIIZIIIIIZ": 0.13797980828080375, "IIIIIIIXIIIIIX": 0.02664798313139053, "IIIIIIIYIIIIIY": 0.02664798313139053, "IIIIIIZIIIIIII": 0.06727231461800125, "IIIIIIZIIIIIIZ": 0.1404577119954628, "IIIIIIXIIIIIIX": 0.025308388863602923, "IIIIIIYIIIIIIY": 0.025308388863602923, "IIIIIZIIIIIIII": 0.043210480381927784, "IIIIIZIIIIIIIZ": 0.1141485603933393, "IIIIIXIIIIIIIX": 0.015750608029860586, "IIIIIYIIIIIIIY": 0.015750608029860586, "IIIIZIIIIIIIII": 0.015616870598429727, "IIIIZIIIIIIIIZ": 0.11828939119758777, "IIIIXIIIIIIIIX": 0.015643336148731306, "IIIIYIIIIIIIIY": 0.015643336148731306, "IIIZIIIIIIIIII": -0.01101133573670255, "IIIZIIIIIIIIIZ": 0.1209167478354338, "IIIXIIIIIIIIIX": 0.015155715089921827, "IIIYIIIIIIIIIY": 0.015155715089921827, "IIZIIIIIIIIIII": -0.034422772131620524, "IIZIIIIIIIIIIZ": 0.12291084836743459, "IIXIIIIIIIIIIX": 0.014701424631636944, "IIYIIIIIIIIIIY": 0.014701424631636944, "IZIIIIIIIIIIII": -0.052824500012354246, "IZIIIIIIIIIIIZ": 0.12395211553024285, "IXIIIIIIIIIIIX": 0.014164626314788672, "IYIIIIIIIIIIIY": 0.014164626314788672, "ZIIIIIIIIIIIII": -0.06467183577247218, "ZIIIIIIIIIIIIZ": 0.1624011186023079, "XIIIIIIIIIIIIX": 0.021317889486700613, "YIIIIIIIIIIIIY": 0.021317889486700613, "IIIIIIIIIIIZZI": 0.09645753697045745, "IIIIIIIIIIIXXI": 0.03524871065565973, "IIIIIIIIIIIYYI": 0.03524871065565973, "IIIIIIIIIIZIZI": 0.10099628166650085, "IIIIIIIIIIXIXI": 0.029389403039987157, "IIIIIIIIIIYIYI": 0.029389403039987157, "IIIIIIIIIZIIZI": 0.10320157291252673, "IIIIIIIIIXIIXI": 0.02441457327602294, "IIIIIIIIIYIIYI": 0.02441457327602294, "IIIIIIIIZIIIZI": 0.11769436986669146, "IIIIIIIIXIIIXI": 0.027694257213087395, "IIIIIIIIYIIIYI": 0.027694257213087395, "IIIIIIIZIIIIZI": 0.11636534902088815, "IIIIIIIXIIIIXI": 0.021794356161803096, "IIIIIIIYIIIIYI": 0.021794356161803096, "IIIIIIZIIIIIZI": 0.1186273629038038, "IIIIIIXIIIIIXI": 0.019773385979908485, "IIIIIIYIIIIIYI": 0.019773385979908485, "IIIIIZIIIIIIZI": 0.12424010788018348, "IIIIIXIIIIIIXI": 0.022642286165453367, "IIIIIYIIIIIIYI": 0.022642286165453367, "IIIIZIIIIIIIZI": 0.1146656343602302, "IIIIXIIIIIIIXI": 0.015374374388926653, "IIIIYIIIIIIIYI": 0.015374374388926653, "IIIZIIIIIIIIZI": 0.11763027244826836, "IIIXIIIIIIIIXI": 0.015335035878554485, "IIIYIIIIIIIIYI": 0.015335035878554485, "IIZIIIIIIIIIZI": 0.11902958827403304, "IIXIIIIIIIIIXI": 0.014718972494702416, "IIYIIIIIIIIIYI": 0.014718972494702416, "IZIIIIIIIIIIZI": 0.14387554493649118, "IXIIIIIIIIIIXI": 0.02159336504771194, "IYIIIIIIIIIIYI": 0.02159336504771194, "ZIIIIIIIIIIIZI": 0.12619694596023473, "XIIIIIIIIIIIXI": 0.014702334932294227, "YIIIIIIIIIIIYI": 0.014702334932294227, "IIIIIIIIIIZZII": 0.09647102924098801, "IIIIIIIIIIXXII": 0.031702822569569224, "IIIIIIIIIIYYII": 0.031702822569569224, "IIIIIIIIIZIZII": 0.10699895322512536, "IIIIIIIIIXIXII": 0.03195888962778427, "IIIIIIIIIYIYII": 0.03195888962778427, "IIIIIIIIZIIZII": 0.10802968210751793, "IIIIIIIIXIIXII": 0.025862137889498253, "IIIIIIIIYIIYII": 0.025862137889498253, "IIIIIIIZIIIZII": 0.11242460943796549, "IIIIIIIXIIIXII": 0.022677305974400066, "IIIIIIIYIIIYII": 0.022677305974400066, "IIIIIIZIIIIZII": 0.11570972640545542, "IIIIIIXIIIIXII": 0.01966985516076875, "IIIIIIYIIIIYII": 0.01966985516076875, "IIIIIZIIIIIZII": 0.11541066586042725, "IIIIIXIIIIIXII": 0.019431776300973817, "IIIIIYIIIIIYII": 0.019431776300973817, "IIIIZIIIIIIZII": 0.11984566429453695, "IIIIXIIIIIIXII": 0.021139675047218753, "IIIIYIIIIIIYII": 0.021139675047218753, "IIIZIIIIIIIZII": 0.11528207565876825, "IIIXIIIIIIIXII": 0.015008443093151056, "IIIYIIIIIIIYII": 0.015008443093151056, "IIZIIIIIIIIZII": 0.13386275785023713, "IIXIIIIIIIIXII": 0.022142798126337373, "IIYIIIIIIIIYII": 0.022142798126337373, "IZIIIIIIIIIZII": 0.12092108174358265, "IXIIIIIIIIIXII": 0.015365089744649741, "IYIIIIIIIIIYII": 0.015365089744649741, "ZIIIIIIIIIIZII": 0.12350850217584532, "XIIIIIIIIIIXII": 0.014851023344757172, "YIIIIIIIIIIYII": 0.014851023344757172, "IIIIIIIIIZZIII": 0.09983375516080133, "IIIIIIIIIXXIII": 0.03297331821608359, "IIIIIIIIIYYIII": 0.03297331821608359, "IIIIIIIIZIZIII": 0.10381169076310505, "IIIIIIIIXIXIII": 0.028121513561774402, "IIIIIIIIYIYIII": 0.028121513561774402, "IIIIIIIZIIZIII": 0.10897238639223315, "IIIIIIIXIIXIII": 0.024829343806648637, "IIIIIIIYIIYIII": 0.024829343806648637, "IIIIIIZIIIZIII": 0.11409607044959523, "IIIIIIXIIIXIII": 0.01992078599897091, "IIIIIIYIIIYIII": 0.01992078599897091, "IIIIIZIIIIZIII": 0.11338090142548293, "IIIIIXIIIIXIII": 0.019435160246519832, "IIIIIYIIIIYIII": 0.019435160246519832, "IIIIZIIIIIZIII": 0.11503925010359684, "IIIIXIIIIIXIII": 0.0189090930249675, "IIIIYIIIIIYIII": 0.0189090930249675, "IIIZIIIIIIZIII": 0.13130626400263648, "IIIXIIIIIIXIII": 0.027498832717436344, "IIIYIIIIIIYIII": 0.027498832717436344, "IIZIIIIIIIZIII": 0.11680754133137378, "IIXIIIIIIIXIII": 0.01565357498755056, "IIYIIIIIIIYIII": 0.01565357498755056, "IZIIIIIIIIZIII": 0.11871231182640835, "IXIIIIIIIIXIII": 0.015647103342727637, "IYIIIIIIIIYIII": 0.015647103342727637, "ZIIIIIIIIIZIII": 0.1218090094272827, "XIIIIIIIIIXIII": 0.015368876572190932, "YIIIIIIIIIYIII": 0.015368876572190932, "IIIIIIIIZZIIII": 0.0989019804914335, "IIIIIIIIXXIIII": 0.032316553099243285, "IIIIIIIIYYIIII": 0.032316553099243285, "IIIIIIIZIZIIII": 0.10420325399257133, "IIIIIIIXIXIIII": 0.028540315825899835, "IIIIIIIYIYIIII": 0.028540315825899835, "IIIIIIZIIZIIII": 0.11281708241748863, "IIIIIIXIIXIIII": 0.020012897943473443, "IIIIIIYIIYIIII": 0.020012897943473443, "IIIIIZIIIZIIII": 0.11214691388924095, "IIIIIXIIIXIIII": 0.019586089178698918, "IIIIIYIIIYIIII": 0.019586089178698918, "IIIIZIIIIZIIII": 0.12382413035260026, "IIIIXIIIIXIIII": 0.025866546908952317, "IIIIYIIIIYIIII": 0.025866546908952317, "IIIZIIIIIZIIII": 0.11633249204715757, "IIIXIIIIIXIIII": 0.01951777963238107, "IIIYIIIIIYIIII": 0.01951777963238107, "IIZIIIIIIZIIII": 0.12142589163447223, "IIXIIIIIIXIIII": 0.02169369429294077, "IIYIIIIIIYIIII": 0.02169369429294077, "IZIIIIIIIZIIII": 0.11606821960962271, "IXIIIIIIIXIIII": 0.015805190394569388, "IYIIIIIIIYIIII": 0.015805190394569388, "ZIIIIIIIIZIIII": 0.11972538925474716, "XIIIIIIIIXIIII": 0.016008389273993184, "YIIIIIIIIYIIII": 0.016008389273993184, "IIIIIIIZZIIIII": 0.09677611678640667, "IIIIIIIXXIIIII": 0.03487301430928494, "IIIIIIIYYIIIII": 0.03487301430928494,