{"benchmark_category": "chemistry", "problem_type": "hydrogen_lattice_vqe", "instance_name": "h014_chain_1_25", "num_qubits": 14, "solution_algorithms": ["vqe_puccd"], "data": {"geometry": [["H", 0.0, 0.0, -8.125], ["H", 0.0, 0.0, -6.875], ["H", 0.0, 0.0, -5.625], ["H", 0.0, 0.0, -4.375], ["H", 0.0, 0.0, -3.125], ["H", 0.0, 0.0, -1.875], ["H", 0.0, 0.0, -0.625], ["H", 0.0, 0.0, 0.625], ["H", 0.0, 0.0, 1.875], ["H", 0.0, 0.0, 3.125], ["H", 0.0, 0.0, 4.375], ["H", 0.0, 0.0, 5.625], ["H", 0.0, 0.0, 6.875], ["H", 0.0, 0.0, 8.125]], "description": "H14 1D chain, 1.25 Angstroms", "basis": "sto-3g", "mapper": "PairedElectron", "hf_energy": -6.935758727451313, "nuclear_repulsion_energy": 13.344525288447352, "num_spatial_orbitals": 14, "num_alpha": 7, "num_beta": 7, "paired_hamiltonian_dict": {"IIIIIIIIIIIIII": -1.4483180432970375, "IIIIIIIIIIIIIZ": 0.31974531016108, "IIIIIIIIIIIIZI": 0.3071151179521474, "IIIIIIIIIIIIZZ": 0.1387043220109332, "IIIIIIIIIIIIXX": 0.049166330272279395, "IIIIIIIIIIIIYY": 0.049166330272279395, "IIIIIIIIIIIZII": 0.28412941236306255, "IIIIIIIIIIIZIZ": 0.1473624210064999, "IIIIIIIIIIIXIX": 0.03808775252645168, "IIIIIIIIIIIYIY": 0.03808775252645168, "IIIIIIIIIIZIII": 0.25022521935107334, "IIIIIIIIIIZIIZ": 0.15291848775228284, "IIIIIIIIIIXIIX": 0.030730515970903663, "IIIIIIIIIIYIIY": 0.030730515970903663, "IIIIIIIIIZIIII": 0.20482904474129288, "IIIIIIIIIZIIIZ": 0.15617810674124344, "IIIIIIIIIXIIIX": 0.02545052805528814, "IIIIIIIIIYIIIY": 0.02545052805528814, "IIIIIIIIZIIIII": 0.1471776877912468, "IIIIIIIIZIIIIZ": 0.15671376170513734, "IIIIIIIIXIIIIX": 0.021026965279399523, "IIIIIIIIYIIIIY": 0.021026965279399523, "IIIIIIIZIIIIII": 0.07886573120518926, "IIIIIIIZIIIIIZ": 0.18478908124642313, "IIIIIIIXIIIIIX": 0.02354861362891583, "IIIIIIIYIIIIIY": 0.02354861362891583, "IIIIIIZIIIIIII": 0.005162805699160902, "IIIIIIZIIIIIIZ": 0.18773917413232616, "IIIIIIXIIIIIIX": 0.021282715020334117, "IIIIIIYIIIIIIY": 0.021282715020334117, "IIIIIZIIIIIIII": -0.08025899328573796, "IIIIIZIIIIIIIZ": 0.1662067553900955, "IIIIIXIIIIIIIX": 0.014365528948112936, "IIIIIYIIIIIIIY": 0.014365528948112936, "IIIIZIIIIIIIII": -0.18072388311449006, "IIIIZIIIIIIIIZ": 0.17301409606840365, "IIIIXIIIIIIIIX": 0.013892737127141385, "IIIIYIIIIIIIIY": 0.013892737127141385, "IIIZIIIIIIIIII": -0.2867462951027305, "IIIZIIIIIIIIIZ": 0.17761874431990227, "IIIXIIIIIIIIIX": 0.013074475347957297, "IIIYIIIIIIIIIY": 0.013074475347957297, "IIZIIIIIIIIIII": -0.39038343164587397, "IIZIIIIIIIIIIZ": 0.18136821252740037, "IIXIIIIIIIIIIX": 0.012313110155102992, "IIYIIIIIIIIIIY": 0.012313110155102992, "IZIIIIIIIIIIII": -0.4804799064750987, "IZIIIIIIIIIIIZ": 0.18454254702787726, "IXIIIIIIIIIIIX": 0.011662306754019088, "IYIIIIIIIIIIIY": 0.011662306754019088, "ZIIIIIIIIIIIII": -0.5435471328472129, "ZIIIIIIIIIIIIZ": 0.23682919416581627, "XIIIIIIIIIIIIX": 0.016903812662044212, "YIIIIIIIIIIIIY": 0.016903812662044212, "IIIIIIIIIIIZZI": 0.13892630160073416, "IIIIIIIIIIIXXI": 0.041992944072260986, "IIIIIIIIIIIYYI": 0.041992944072260986, "IIIIIIIIIIZIZI": 0.1458914354317825, "IIIIIIIIIIXIXI": 0.03339106449986381, "IIIIIIIIIIYIYI": 0.03339106449986381, "IIIIIIIIIZIIZI": 0.15003509439825866, "IIIIIIIIIXIIXI": 0.026995445589628905, "IIIIIIIIIYIIYI": 0.026995445589628905, "IIIIIIIIZIIIZI": 0.16070373140740096, "IIIIIIIIXIIIXI": 0.02569202412847484, "IIIIIIIIYIIIYI": 0.02569202412847484, "IIIIIIIZIIIIZI": 0.1660348522533019, "IIIIIIIXIIIIXI": 0.02165181370270791, "IIIIIIIYIIIIYI": 0.02165181370270791, "IIIIIIZIIIIIZI": 0.16939587621663538, "IIIIIIXIIIIIXI": 0.019139810653525546, "IIIIIIYIIIIIYI": 0.019139810653525546, "IIIIIZIIIIIIZI": 0.17077136686666508, "IIIIIXIIIIIIXI": 0.018333830423441912, "IIIIIYIIIIIIYI": 0.018333830423441912, "IIIIZIIIIIIIZI": 0.16776802278680947, "IIIIXIIIIIIIXI": 0.013971896478622148, "IIIIYIIIIIIIYI": 0.013971896478622148, "IIIZIIIIIIIIZI": 0.17233083833718066, "IIIXIIIIIIIIXI": 0.013384460763553818, "IIIYIIIIIIIIYI": 0.013384460763553818, "IIZIIIIIIIIIZI": 0.17573773332409065, "IIXIIIIIIIIIXI": 0.012560590902157507, "IIYIIIIIIIIIYI": 0.012560590902157507, "IZIIIIIIIIIIZI": 0.20656067363080666, "IXIIIIIIIIIIXI": 0.017273808627704633, "IYIIIIIIIIIIYI": 0.017273808627704633, "ZIIIIIIIIIIIZI": 0.18649739884825528, "XIIIIIIIIIIIXI": 0.011722283334061834, "YIIIIIIIIIIIYI": 0.011722283334061834, "IIIIIIIIIIZZII": 0.13949219106765925, "IIIIIIIIIIXXII": 0.03784332667181241, "IIIIIIIIIIYYII": 0.03784332667181241, "IIIIIIIIIZIZII": 0.14873443138381232, "IIIIIIIIIXIXII": 0.032614292882236946, "IIIIIIIIIYIYII": 0.032614292882236946, "IIIIIIIIZIIZII": 0.15361158466575944, "IIIIIIIIXIIXII": 0.02688278215616044, "IIIIIIIIYIIYII": 0.02688278215616044, "IIIIIIIZIIIZII": 0.16122602770093353, "IIIIIIIXIIIXII": 0.02309210946949841, "IIIIIIIYIIIYII": 0.02309210946949841, "IIIIIIZIIIIZII": 0.16528383965128723, "IIIIIIXIIIIXII": 0.01977020553329593, "IIIIIIYIIIIYII": 0.01977020553329593, "IIIIIZIIIIIZII": 0.16500718032440512, "IIIIIXIIIIIXII": 0.01810340859537078, "IIIIIYIIIIIYII": 0.01810340859537078, "IIIIZIIIIIIZII": 0.16883414231874797, "IIIIXIIIIIIXII": 0.017000824998281466, "IIIIYIIIIIIYII": 0.017000824998281466, "IIIZIIIIIIIZII": 0.1697306791670255, "IIIXIIIIIIIXII": 0.01365070206351278, "IIIYIIIIIIIYII": 0.01365070206351278, "IIZIIIIIIIIZII": 0.19029118890383595, "IIXIIIIIIIIXII": 0.018031896240460085, "IIYIIIIIIIIYII": 0.018031896240460085, "IZIIIIIIIIIZII": 0.17767268654595852, "IXIIIIIIIIIXII": 0.012602522017553266, "IYIIIIIIIIIYII": 0.012602522017553266, "ZIIIIIIIIIIZII": 0.1833669282276094, "XIIIIIIIIIIXII": 0.012092154846835132, "YIIIIIIIIIIYII": 0.012092154846835132, "IIIIIIIIIZZIII": 0.14180234189492474, "IIIIIIIIIXXIII": 0.037316230460731376, "IIIIIIIIIYYIII": 0.037316230460731376, "IIIIIIIIZIZIII": 0.148488573735169, "IIIIIIIIXIXIII": 0.030610615165585622, "IIIIIIIIYIYIII": 0.030610615165585622, "IIIIIIIZIIZIII": 0.15691538954508544, "IIIIIIIXIIXIII": 0.02591606621892088, "IIIIIIIYIIYIII": 0.02591606621892088, "IIIIIIZIIIZIII": 0.16238204165071135, "IIIIIIXIIIXIII": 0.021038188375730255, "IIIIIIYIIIYIII": 0.021038188375730255, "IIIIIZIIIIZIII": 0.16245244486264612, "IIIIIXIIIIXIII": 0.019122847251228772, "IIIIIYIIIIYIII": 0.019122847251228772, "IIIIZIIIIIZIII": 0.16594457836586823, "IIIIXIIIIIXIII": 0.017503443932590314, "IIIIYIIIIIYIII": 0.017503443932590314, "IIIZIIIIIIZIII": 0.1806606385503507, "IIIXIIIIIIXIII": 0.021102830790680965, "IIIYIIIIIIYIII": 0.021102830790680965, "IIZIIIIIIIZIII": 0.17165977223585144, "IIXIIIIIIIXIII": 0.013693656612837035, "IIYIIIIIIIYIII": 0.013693656612837035, "IZIIIIIIIIZIII": 0.17520761181474576, "IXIIIIIIIIXIII": 0.013200610355041357, "IYIIIIIIIIYIII": 0.013200610355041357, "ZIIIIIIIIIZIII": 0.18095699235120927, "XIIIIIIIIIXIII": 0.012740286541810312, "YIIIIIIIIIYIII": 0.012740286541810312, "IIIIIIIIZZIIII": 0.14211059654608, "IIIIIIIIXXIIII": 0.03666035270611982, "IIIIIIIIYYIIII": 0.03666035270611982, "IIIIIIIZIZIIII": 0.15120842591372213, "IIIIIIIXIXIIII": 0.030663363348986217, "IIIIIIIYIYIIII": 0.030663363348986217, "IIIIIIZIIZIIII": 0.1595910171883637, "IIIIIIXIIXIIII": 0.022644945531694768, "IIIIIIYIIYIIII": 0.022644945531694768, "IIIIIZIIIZIIII": 0.16049174241607184, "IIIIIXIIIXIIII": 0.02061987259606531, "IIIIIYIIIYIIII": 0.02061987259606531, "IIIIZIIIIZIIII": 0.17129971444246767, "IIIIXIIIIXIIII": 0.0230134470197212, "IIIIYIIIIYIIII": 0.0230134470197212, "IIIZIIIIIZIIII": 0.16786255207306341, "IIIXIIIIIXIIII": 0.017538832218862283, "IIIYIIIIIYIIII": 0.017538832218862283, "IIZIIIIIIZIIII": 0.172506162495209, "IIXIIIIIIXIIII": 0.016987965446251828, "IIYIIIIIIYIIII": 0.016987965446251828, "IZIIIIIIIZIIII": 0.1724446450718098, "IXIIIIIIIXIIII": 0.013848410327177043, "IYIIIIIIIYIIII": 0.013848410327177043, "ZIIIIIIIIZIIII": 0.17820422561561472, "XIIIIIIIIXIIII": 0.013597993118786589, "YIIIIIIIIYIIII": 0.013597993118786589, "IIIIIIIZZIIIII": 0.14257971305329753, "IIIIIIIXXIIIII": 0.03882351542361222, "IIIIIIIYYIIIII": 0.03882351542361222,