{"benchmark_category": "chemistry", "problem_type": "hydrogen_lattice_vqe", "instance_name": "h014_chain_1_75", "num_qubits": 14, "solution_algorithms": ["vqe_puccd"], "data": {"geometry": [["H", 0.0, 0.0, -11.375], ["H", 0.0, 0.0, -9.625], ["H", 0.0, 0.0, -7.875], ["H", 0.0, 0.0, -6.125], ["H", 0.0, 0.0, -4.375], ["H", 0.0, 0.0, -2.625], ["H", 0.0, 0.0, -0.875], ["H", 0.0, 0.0, 0.875], ["H", 0.0, 0.0, 2.625], ["H", 0.0, 0.0, 4.375], ["H", 0.0, 0.0, 6.125], ["H", 0.0, 0.0, 7.875], ["H", 0.0, 0.0, 9.625], ["H", 0.0, 0.0, 11.375]], "description": "H14 1D chain, 1.75 Angstroms", "basis": "sto-3g", "mapper": "PairedElectron", "hf_energy": -5.955945441041511, "nuclear_repulsion_energy": 9.53180377746239, "num_spatial_orbitals": 14, "num_alpha": 7, "num_beta": 7, "paired_hamiltonian_dict": {"IIIIIIIIIIIIII": -2.8639559132605292, "IIIIIIIIIIIIIZ": 0.21591544072164032, "IIIIIIIIIIIIZI": 0.20813778514393733, "IIIIIIIIIIIIZZ": 0.10624026703516641, "IIIIIIIIIIIIXX": 0.042177068596618864, "IIIIIIIIIIIIYY": 0.042177068596618864, "IIIIIIIIIIIZII": 0.1948101549528714, "IIIIIIIIIIIZIZ": 0.11256168557984261, "IIIIIIIIIIIXIX": 0.033995078668315935, "IIIIIIIIIIIYIY": 0.033995078668315935, "IIIIIIIIIIZIII": 0.1757966740123663, "IIIIIIIIIIZIIZ": 0.11690481618049413, "IIIIIIIIIIXIIX": 0.028426792910959467, "IIIIIIIIIIYIIY": 0.028426792910959467, "IIIIIIIIIZIIII": 0.15106274293665056, "IIIIIIIIIZIIIZ": 0.11953105826273591, "IIIIIIIIIXIIIX": 0.024221513878918226, "IIIIIIIIIYIIIY": 0.024221513878918226, "IIIIIIIIZIIIII": 0.12103444699557726, "IIIIIIIIZIIIIZ": 0.11958157307382097, "IIIIIIIIXIIIIX": 0.020296787933478704, "IIIIIIIIYIIIIY": 0.020296787933478704, "IIIIIIIZIIIIII": 0.08948001880852934, "IIIIIIIZIIIIIZ": 0.14942750958165024, "IIIIIIIXIIIIIX": 0.025472205618344724, "IIIIIIIYIIIIIY": 0.025472205618344724, "IIIIIIZIIIIIII": 0.05796042435205899, "IIIIIIZIIIIIIZ": 0.15205212946214608, "IIIIIIXIIIIIIX": 0.02382249306153461, "IIIIIIYIIIIIIY": 0.02382249306153461, "IIIIIZIIIIIIII": 0.02096277297210468, "IIIIIZIIIIIIIZ": 0.12695152806852447, "IIIIIXIIIIIIIX": 0.015153806267065806, "IIIIIYIIIIIIIY": 0.015153806267065806, "IIIIZIIIIIIIII": -0.021157441711857156, "IIIIZIIIIIIIIZ": 0.13179968997939642, "IIIIXIIIIIIIIX": 0.014951208104750199, "IIIIYIIIIIIIIY": 0.014951208104750199, "IIIZIIIIIIIIII": -0.0626039212246168, "IIIZIIIIIIIIIZ": 0.1348464575257494, "IIIXIIIIIIIIIX": 0.014380212251420506, "IIIYIIIIIIIIIY": 0.014380212251420506, "IIZIIIIIIIIIII": -0.10007124750106607, "IIZIIIIIIIIIIZ": 0.13716842792710943, "IIXIIIIIIIIIIX": 0.0138549147317186, "IIYIIIIIIIIIIY": 0.0138549147317186, "IZIIIIIIIIIIII": -0.1303294577869422, "IZIIIIIIIIIIIZ": 0.1386937912790926, "IXIIIIIIIIIIIX": 0.013325277922456634, "IYIIIIIIIIIIIY": 0.013325277922456634, "ZIIIIIIIIIIIII": -0.15024857479812948, "ZIIIIIIIIIIIIZ": 0.18061195286358017, "XIIIIIIIIIIIIX": 0.01989256709527926, "YIIIIIIIIIIIIY": 0.01989256709527926, "IIIIIIIIIIIZZI": 0.10674315684279354, "IIIIIIIIIIIXXI": 0.03689022365139429, "IIIIIIIIIIIYYI": 0.03689022365139429, "IIIIIIIIIIZIZI": 0.11194406068474998, "IIIIIIIIIIXIXI": 0.03036053889486891, "IIIIIIIIIIYIYI": 0.03036053889486891, "IIIIIIIIIZIIZI": 0.11472961163279213, "IIIIIIIIIXIIXI": 0.025069416791506604, "IIIIIIIIIYIIYI": 0.025069416791506604, "IIIIIIIIZIIIZI": 0.12782919099321374, "IIIIIIIIXIIIXI": 0.026735519035520294, "IIIIIIIIYIIIYI": 0.026735519035520294, "IIIIIIIZIIIIZI": 0.12871673272838757, "IIIIIIIXIIIIXI": 0.021617086692641008, "IIIIIIIYIIIIYI": 0.021617086692641008, "IIIIIIZIIIIIZI": 0.1312819167077913, "IIIIIIXIIIIIXI": 0.019471007246731575, "IIIIIIYIIIIIYI": 0.019471007246731575, "IIIIIZIIIIIIZI": 0.13531985483087206, "IIIIIXIIIIIIXI": 0.020973444914704504, "IIIIIYIIIIIIYI": 0.020973444914704504, "IIIIZIIIIIIIZI": 0.12781620616953382, "IIIIXIIIIIIIXI": 0.01481466429363607, "IIIIYIIIIIIIYI": 0.01481466429363607, "IIIZIIIIIIIIZI": 0.1310851522115194, "IIIXIIIIIIIIXI": 0.014606009949710707, "IIIYIIIIIIIIYI": 0.014606009949710707, "IIZIIIIIIIIIZI": 0.13291992752777104, "IIXIIIIIIIIIXI": 0.013959261997228991, "IIYIIIIIIIIIYI": 0.013959261997228991, "IZIIIIIIIIIIZI": 0.15934829693384472, "IXIIIIIIIIIIXI": 0.020194275266675835, "IYIIIIIIIIIIYI": 0.020194275266675835, "ZIIIIIIIIIIIZI": 0.14086495090439577, "XIIIIIIIIIIIXI": 0.013727667749514762, "YIIIIIIIIIIIYI": 0.013727667749514762, "IIIIIIIIIIZZII": 0.1070547920781337, "IIIIIIIIIIXXII": 0.03322538451289065, "IIIIIIIIIIYYII": 0.03322538451289065, "IIIIIIIIIZIZII": 0.11681223317637596, "IIIIIIIIIXIXII": 0.031646142141707245, "IIIIIIIIIYIYII": 0.031646142141707245, "IIIIIIIIZIIZII": 0.11924067126925333, "IIIIIIIIXIIXII": 0.02597298641961875, "IIIIIIIIYIIYII": 0.02597298641961875, "IIIIIIIZIIIZII": 0.12457329334729421, "IIIIIIIXIIIXII": 0.022617068189273434, "IIIIIIIYIIIYII": 0.022617068189273434, "IIIIIIZIIIIZII": 0.1280087526854969, "IIIIIIXIIIIXII": 0.019568194597203478, "IIIIIIYIIIIYII": 0.019568194597203478, "IIIIIZIIIIIZII": 0.1276635315567642, "IIIIIXIIIIIXII": 0.01891441040682492, "IIIIIYIIIIIYII": 0.01891441040682492, "IIIIZIIIIIIZII": 0.13149969965870167, "IIIIXIIIIIIXII": 0.019487245001801587, "IIIIYIIIIIIYII": 0.019487245001801587, "IIIZIIIIIIIZII": 0.12873745858387448, "IIIXIIIIIIIXII": 0.014494840360789612, "IIIYIIIIIIIYII": 0.014494840360789612, "IIZIIIIIIIIZII": 0.14786700521832408, "IIXIIIIIIIIXII": 0.020812336632305417, "IIYIIIIIIIIYII": 0.020812336632305417, "IZIIIIIIIIIZII": 0.13481922022535708, "IXIIIIIIIIIXII": 0.014447128968795606, "IYIIIIIIIIIYII": 0.014447128968795606, "ZIIIIIIIIIIZII": 0.13816211123895838, "XIIIIIIIIIIXII": 0.013964651402325385, "YIIIIIIIIIIYII": 0.013964651402325385, "IIIIIIIIIZZIII": 0.11012353211698081, "IIIIIIIIIXXIII": 0.033871443457707144, "IIIIIIIIIYYIII": 0.033871443457707144, "IIIIIIIIZIZIII": 0.11486142696986586, "IIIIIIIIXIXIII": 0.028573203869790082, "IIIIIIIIYIYIII": 0.028573203869790082, "IIIIIIIZIIZIII": 0.12094824409120586, "IIIIIIIXIIXIII": 0.024898202815586846, "IIIIIIIYIIYIII": 0.024898202815586846, "IIIIIIZIIIZIII": 0.12603292433181934, "IIIIIIXIIIXIII": 0.02010349587106972, "IIIIIIYIIIYIII": 0.02010349587106972, "IIIIIZIIIIZIII": 0.12546740207067986, "IIIIIXIIIIXIII": 0.019220032691734026, "IIIIIYIIIIYIII": 0.019220032691734026, "IIIIZIIIIIZIII": 0.12755876831527765, "IIIIXIIIIIXIII": 0.01836232663262553, "IIIIYIIIIIYIII": 0.01836232663262553, "IIIZIIIIIIZIII": 0.14311646179889181, "IIIXIIIIIIXIII": 0.02522361519896391, "IIIYIIIIIIYIII": 0.02522361519896391, "IIZIIIIIIIZIII": 0.13035910759277294, "IIXIIIIIIIXIII": 0.014994634734033875, "IIYIIIIIIIYIII": 0.014994634734033875, "IZIIIIIIIIZIII": 0.1326105007471176, "IXIIIIIIIIXIII": 0.01484899239069647, "IYIIIIIIIIYIII": 0.01484899239069647, "ZIIIIIIIIIZIII": 0.13634282366373357, "XIIIIIIIIIXIII": 0.014530608094244103, "YIIIIIIIIIYIII": 0.014530608094244103, "IIIIIIIIZZIIII": 0.10967134073530341, "IIIIIIIIXXIIII": 0.03319715440374009, "IIIIIIIIYYIIII": 0.03319715440374009, "IIIIIIIZIZIIII": 0.11597876261505996, "IIIIIIIXIXIIII": 0.02882214609333716, "IIIIIIIYIYIIII": 0.02882214609333716, "IIIIIIZIIZIIII": 0.12432172674164943, "IIIIIIXIIXIIII": 0.02060511637433059, "IIIIIIYIIYIIII": 0.02060511637433059, "IIIIIZIIIZIIII": 0.12405155977551581, "IIIIIXIIIXIIII": 0.01977352546693166, "IIIIIYIIIYIIII": 0.01977352546693166, "IIIIZIIIIZIIII": 0.13538875926405317, "IIIIXIIIIXIIII": 0.024949460621152997, "IIIIYIIIIYIIII": 0.024949460621152997, "IIIZIIIIIZIIII": 0.12899669423810411, "IIIXIIIIIXIIII": 0.01884611440423707, "IIIYIIIIIYIIII": 0.01884611440423707, "IIZIIIIIIZIIII": 0.13357107716671743, "IIXIIIIIIXIIII": 0.019950423468854398, "IIYIIIIIIYIIII": 0.019950423468854398, "IZIIIIIIIZIIII": 0.12996880261329546, "IXIIIIIIIXIIII": 0.015175933466191902, "IYIIIIIIIYIIII": 0.015175933466191902, "ZIIIIIIIIZIIII": 0.13409161334712005, "XIIIIIIIIXIIII": 0.01523924423384874, "YIIIIIIIIYIIII": 0.01523924423384874, "IIIIIIIZZIIIII": 0.108202434428564, "IIIIIIIXXIIIII": 0.03562414352359413, "IIIIIIIYYIIIII": 0.03562414352359413,