{"benchmark_category": "chemistry", "problem_type": "hydrogen_lattice_vqe", "instance_name": "h016_chain_1_75", "num_qubits": 16, "solution_algorithms": ["vqe_puccd"], "data": {"geometry": [["H", 0.0, 0.0, -13.125], ["H", 0.0, 0.0, -11.375], ["H", 0.0, 0.0, -9.625], ["H", 0.0, 0.0, -7.875], ["H", 0.0, 0.0, -6.125], ["H", 0.0, 0.0, -4.375], ["H", 0.0, 0.0, -2.625], ["H", 0.0, 0.0, -0.875], ["H", 0.0, 0.0, 0.875], ["H", 0.0, 0.0, 2.625], ["H", 0.0, 0.0, 4.375], ["H", 0.0, 0.0, 6.125], ["H", 0.0, 0.0, 7.875], ["H", 0.0, 0.0, 9.625], ["H", 0.0, 0.0, 11.375], ["H", 0.0, 0.0, 13.125]], "description": "H16 1D chain, 1.75 Angstroms", "basis": "sto-3g", "mapper": "PairedElectron", "hf_energy": -6.8089404191941885, "nuclear_repulsion_energy": 11.518423118567297, "num_spatial_orbitals": 16, "num_alpha": 8, "num_beta": 8, "paired_hamiltonian_dict": {"IIIIIIIIIIIIIIII": -3.334476679344475, "IIIIIIIIIIIIIIIZ": 0.21644759424577614, "IIIIIIIIIIIIIIZI": 0.21040449948431073, "IIIIIIIIIIIIIIZZ": 0.0963359957843673, "IIIIIIIIIIIIIIXX": 0.03937317058124696, "IIIIIIIIIIIIIIYY": 0.03937317058124696, "IIIIIIIIIIIIIZII": 0.20007831244669586, "IIIIIIIIIIIIIZIZ": 0.10200568888490133, "IIIIIIIIIIIIIXIX": 0.03207631099486572, "IIIIIIIIIIIIIYIY": 0.03207631099486572, "IIIIIIIIIIIIZIII": 0.18536217765450713, "IIIIIIIIIIIIZIIZ": 0.10609501253843553, "IIIIIIIIIIIIXIIX": 0.02713010824875917, "IIIIIIIIIIIIYIIY": 0.02713010824875917, "IIIIIIIIIIIZIIII": 0.16618517590467585, "IIIIIIIIIIIZIIIZ": 0.1088640708852626, "IIIIIIIIIIIXIIIX": 0.023446441134122867, "IIIIIIIIIIIYIIIY": 0.023446441134122867, "IIIIIIIIIIZIIIII": 0.14255764076222383, "IIIIIIIIIIZIIIIZ": 0.11050682399113496, "IIIIIIIIIIXIIIIX": 0.020445663436067758, "IIIIIIIIIIYIIIIY": 0.020445663436067758, "IIIIIIIIIZIIIIII": 0.11498894510547797, "IIIIIIIIIZIIIIIZ": 0.10992754936534939, "IIIIIIIIIXIIIIIX": 0.017412118213785775, "IIIIIIIIIYIIIIIY": 0.017412118213785775, "IIIIIIIIZIIIIIII": 0.08719644480151989, "IIIIIIIIZIIIIIIZ": 0.13918196909962127, "IIIIIIIIXIIIIIIX": 0.022666323112076024, "IIIIIIIIYIIIIIIY": 0.022666323112076024, "IIIIIIIZIIIIIIII": 0.060240737550381326, "IIIIIIIZIIIIIIIZ": 0.14128647312321851, "IIIIIIIXIIIIIIIX": 0.02145153623583779, "IIIIIIIYIIIIIIIY": 0.02145153623583779, "IIIIIIZIIIIIIIII": 0.028284261162015135, "IIIIIIZIIIIIIIIZ": 0.11568889470080211, "IIIIIIXIIIIIIIIX": 0.013535051944940719, "IIIIIIYIIIIIIIIY": 0.013535051944940719, "IIIIIZIIIIIIIIII": -0.00875658303838387, "IIIIIZIIIIIIIIIZ": 0.11993358719067863, "IIIIIXIIIIIIIIIX": 0.013424383651001667, "IIIIIYIIIIIIIIIY": 0.013424383651001667, "IIIIZIIIIIIIIIII": -0.04600230676515336, "IIIIZIIIIIIIIIIZ": 0.12255057114065657, "IIIIXIIIIIIIIIIX": 0.012952048093386194, "IIIIYIIIIIIIIIIY": 0.012952048093386194, "IIIZIIIIIIIIIIII": -0.08109359235351467, "IIIZIIIIIIIIIIIZ": 0.12455289153769025, "IIIXIIIIIIIIIIIX": 0.012496644769657592, "IIIYIIIIIIIIIIIY": 0.012496644769657592, "IIZIIIIIIIIIIIII": -0.11187804803245194, "IIZIIIIIIIIIIIIZ": 0.1261581832930635, "IIXIIIIIIIIIIIIX": 0.01210970570980011, "IIYIIIIIIIIIIIIY": 0.01210970570980011, "IZIIIIIIIIIIIIII": -0.13613887012483944, "IZIIIIIIIIIIIIIZ": 0.1270358590481282, "IXIIIIIIIIIIIIIX": 0.011680118896934507, "IYIIIIIIIIIIIIIY": 0.011680118896934507, "ZIIIIIIIIIIIIIII": -0.1518188765951114, "ZIIIIIIIIIIIIIIZ": 0.16636873417713757, "XIIIIIIIIIIIIIIX": 0.017573980641083415, "YIIIIIIIIIIIIIIY": 0.017573980641083415, "IIIIIIIIIIIIIZZI": 0.09688080984676094, "IIIIIIIIIIIIIXXI": 0.03466050077129759, "IIIIIIIIIIIIIYYI": 0.03466050077129759, "IIIIIIIIIIIIZIZI": 0.10164481847717677, "IIIIIIIIIIIIXIXI": 0.028843112472515184, "IIIIIIIIIIIIYIYI": 0.028843112472515184, "IIIIIIIIIIIZIIZI": 0.10501614269632988, "IIIIIIIIIIIXIIXI": 0.02458288613566391, "IIIIIIIIIIIYIIYI": 0.02458288613566391, "IIIIIIIIIIZIIIZI": 0.10640434918157124, "IIIIIIIIIIXIIIXI": 0.020804128105975227, "IIIIIIIIIIYIIIYI": 0.020804128105975227, "IIIIIIIIIZIIIIZI": 0.11940402889362113, "IIIIIIIIIXIIIIXI": 0.023198031296756065, "IIIIIIIIIYIIIIYI": 0.023198031296756065, "IIIIIIIIZIIIIIZI": 0.11888402403678111, "IIIIIIIIXIIIIIXI": 0.01878400235616039, "IIIIIIIIYIIIIIYI": 0.01878400235616039, "IIIIIIIZIIIIIIZI": 0.12076884273701505, "IIIIIIIXIIIIIIXI": 0.01720715584820721, "IIIIIIIYIIIIIIYI": 0.01720715584820721, "IIIIIIZIIIIIIIZI": 0.12509134081950884, "IIIIIIXIIIIIIIXI": 0.0189276901051312, "IIIIIIYIIIIIIIYI": 0.0189276901051312, "IIIIIZIIIIIIIIZI": 0.11634409299577683, "IIIIIXIIIIIIIIXI": 0.01322039620771063, "IIIIIYIIIIIIIIYI": 0.01322039620771063, "IIIIZIIIIIIIIIZI": 0.11931722054555784, "IIIIXIIIIIIIIIXI": 0.013120820490725806, "IIIIYIIIIIIIIIYI": 0.013120820490725806, "IIIZIIIIIIIIIIZI": 0.12114245187623596, "IIIXIIIIIIIIIIXI": 0.012661997072322333, "IIIYIIIIIIIIIIYI": 0.012661997072322333, "IIZIIIIIIIIIIIZI": 0.1222544957092956, "IIXIIIIIIIIIIIXI": 0.012125726454047143, "IIYIIIIIIIIIIIYI": 0.012125726454047143, "IZIIIIIIIIIIIIZI": 0.14762438890201982, "IXIIIIIIIIIIIIXI": 0.017760382285150682, "IYIIIIIIIIIIIIYI": 0.017760382285150682, "ZIIIIIIIIIIIIIZI": 0.12927159478787978, "XIIIIIIIIIIIIIXI": 0.012083719964425707, "YIIIIIIIIIIIIIYI": 0.012083719964425707, "IIIIIIIIIIIIZZII": 0.09778059036762543, "IIIIIIIIIIIIXXII": 0.0317298230729515, "IIIIIIIIIIIIYYII": 0.0317298230729515, "IIIIIIIIIIIZIZII": 0.1014762266709313, "IIIIIIIIIIIXIXII": 0.02614576969253162, "IIIIIIIIIIIYIYII": 0.02614576969253162, "IIIIIIIIIIZIIZII": 0.10998473501220328, "IIIIIIIIIIXIIXII": 0.02615876001726767, "IIIIIIIIIIYIIYII": 0.02615876001726767, "IIIIIIIIIZIIIZII": 0.11107901393166436, "IIIIIIIIIXIIIXII": 0.02184257618178606, "IIIIIIIIIYIIIYII": 0.02184257618178606, "IIIIIIIIZIIIIZII": 0.11542242478482821, "IIIIIIIIXIIIIXII": 0.019327534749398606, "IIIIIIIIYIIIIYII": 0.019327534749398606, "IIIIIIIZIIIIIZII": 0.11786813078636138, "IIIIIIIXIIIIIXII": 0.017194735011635005, "IIIIIIIYIIIIIYII": 0.017194735011635005, "IIIIIIZIIIIIIZII": 0.11723993719450046, "IIIIIIXIIIIIIXII": 0.016761606566871423, "IIIIIIYIIIIIIYII": 0.016761606566871423, "IIIIIZIIIIIIIZII": 0.12076191184854415, "IIIIIXIIIIIIIXII": 0.017476974725930728, "IIIIIYIIIIIIIYII": 0.017476974725930728, "IIIIZIIIIIIIIZII": 0.11742555421662673, "IIIIXIIIIIIIIXII": 0.012995798063387768, "IIIIYIIIIIIIIYII": 0.012995798063387768, "IIIZIIIIIIIIIZII": 0.11936108545051227, "IIIXIIIIIIIIIXII": 0.012800434926440044, "IIIYIIIIIIIIIYII": 0.012800434926440044, "IIZIIIIIIIIIIZII": 0.13762858872068612, "IIXIIIIIIIIIIXII": 0.018213779279901986, "IIYIIIIIIIIIIYII": 0.018213779279901986, "IZIIIIIIIIIIIZII": 0.12416116287862343, "IXIIIIIIIIIIIXII": 0.012607386291766333, "IYIIIIIIIIIIIYII": 0.012607386291766333, "ZIIIIIIIIIIIIZII": 0.12685131819755652, "XIIIIIIIIIIIIXII": 0.01218994657484852, "YIIIIIIIIIIIIYII": 0.01218994657484852, "IIIIIIIIIIIZZIII": 0.10140751895488426, "IIIIIIIIIIIXXIII": 0.03272793850329065, "IIIIIIIIIIIYYIII": 0.03272793850329065, "IIIIIIIIIIZIZIII": 0.10448234484100495, "IIIIIIIIIIXIXIII": 0.026935708889008123, "IIIIIIIIIIYIYIII": 0.026935708889008123, "IIIIIIIIIZIIZIII": 0.10782455502009049, "IIIIIIIIIXIIXIII": 0.023291907270693805, "IIIIIIIIIYIIYIII": 0.023291907270693805, "IIIIIIIIZIIIZIII": 0.11286705731690104, "IIIIIIIIXIIIXIII": 0.020759527522753212, "IIIIIIIIYIIIYIII": 0.020759527522753212, "IIIIIIIZIIIIZIII": 0.11628877749401367, "IIIIIIIXIIIIXIII": 0.01759533102513787, "IIIIIIIYIIIIYIII": 0.01759533102513787, "IIIIIIZIIIIIZIII": 0.11524135091720171, "IIIIIIXIIIIIXIII": 0.016909121473016795, "IIIIIIYIIIIIYIII": 0.016909121473016795, "IIIIIZIIIIIIZIII": 0.11690411776828444, "IIIIIXIIIIIIXIII": 0.01626957786357665, "IIIIIYIIIIIIYIII": 0.01626957786357665, "IIIIZIIIIIIIZIII": 0.11975497593349287, "IIIIXIIIIIIIXIII": 0.01674049335029485, "IIIIYIIIIIIIYIII": 0.01674049335029485, "IIIZIIIIIIIIZIII": 0.13022059838337963, "IIIXIIIIIIIIXIII": 0.01845255257096277, "IIIYIIIIIIIIYIII": 0.01845255257096277, "IIZIIIIIIIIIZIII": 0.1209359195263649, "IIXIIIIIIIIIXIII": 0.013269593479569795, "IIYIIIIIIIIIYIII": 0.013269593479569795,