{"benchmark_category": "chemistry", "problem_type": "hydrogen_lattice_vqe", "instance_name": "h016_chain_2_00", "num_qubits": 16, "solution_algorithms": ["vqe_puccd"], "data": {"geometry": [["H", 0.0, 0.0, -15.0], ["H", 0.0, 0.0, -13.0], ["H", 0.0, 0.0, -11.0], ["H", 0.0, 0.0, -9.0], ["H", 0.0, 0.0, -7.0], ["H", 0.0, 0.0, -5.0], ["H", 0.0, 0.0, -3.0], ["H", 0.0, 0.0, -1.0], ["H", 0.0, 0.0, 1.0], ["H", 0.0, 0.0, 3.0], ["H", 0.0, 0.0, 5.0], ["H", 0.0, 0.0, 7.0], ["H", 0.0, 0.0, 9.0], ["H", 0.0, 0.0, 11.0], ["H", 0.0, 0.0, 13.0], ["H", 0.0, 0.0, 15.0]], "description": "H16 1D chain, 2.00 Angstroms", "basis": "sto-3g", "mapper": "PairedElectron", "hf_energy": -6.333761662628914, "nuclear_repulsion_energy": 10.078620228746379, "num_spatial_orbitals": 16, "num_alpha": 8, "num_beta": 8, "paired_hamiltonian_dict": {"IIIIIIIIIIIIIIII": -3.601901776591792, "IIIIIIIIIIIIIIIZ": 0.1791027573171881, "IIIIIIIIIIIIIIZI": 0.17443536951577704, "IIIIIIIIIIIIIIZZ": 0.08700730744179574, "IIIIIIIIIIIIIIXX": 0.03713023905681591, "IIIIIIIIIIIIIIYY": 0.03713023905681591, "IIIIIIIIIIIIIZII": 0.16656115561774582, "IIIIIIIIIIIIIZIZ": 0.09189296536625018, "IIIIIIIIIIIIIXIX": 0.030659139260195485, "IIIIIIIIIIIIIYIY": 0.030659139260195485, "IIIIIIIIIIIIZIII": 0.15545437184463534, "IIIIIIIIIIIIZIIZ": 0.09550223853275111, "IIIIIIIIIIIIXIIX": 0.026266393134923356, "IIIIIIIIIIIIYIIY": 0.026266393134923356, "IIIIIIIIIIIZIIII": 0.14114293003093778, "IIIIIIIIIIIZIIIZ": 0.09798383463472368, "IIIIIIIIIIIXIIIX": 0.02295542465196582, "IIIIIIIIIIIYIIIY": 0.02295542465196582, "IIIIIIIIIIZIIIII": 0.12380136272856129, "IIIIIIIIIIZIIIIZ": 0.09948818635549891, "IIIIIIIIIIXIIIIX": 0.020216518954915476, "IIIIIIIIIIYIIIIY": 0.020216518954915476, "IIIIIIIIIZIIIIII": 0.10422595766360435, "IIIIIIIIIZIIIIIZ": 0.09890343481881672, "IIIIIIIIIXIIIIIX": 0.0173319611925473, "IIIIIIIIIYIIIIIY": 0.0173319611925473, "IIIIIIIIZIIIIIII": 0.08582210019103856, "IIIIIIIIZIIIIIIZ": 0.12838774604712866, "IIIIIIIIXIIIIIIX": 0.02371571059109164, "IIIIIIIIYIIIIIIY": 0.02371571059109164, "IIIIIIIZIIIIIIII": 0.06886019255009941, "IIIIIIIZIIIIIIIZ": 0.13041908174820616, "IIIIIIIXIIIIIIIX": 0.02276718800061462, "IIIIIIIYIIIIIIIY": 0.02276718800061462, "IIIIIIZIIIIIIIII": 0.04816791998631452, "IIIIIIZIIIIIIIIZ": 0.10405620139507529, "IIIIIIXIIIIIIIIX": 0.014080238621091297, "IIIIIIYIIIIIIIIY": 0.014080238621091297, "IIIIIZIIIIIIIIII": 0.02381714349506915, "IIIIIZIIIIIIIIIZ": 0.10761922222612777, "IIIIIXIIIIIIIIIX": 0.014033568492488534, "IIIIIYIIIIIIIIIY": 0.014033568492488534, "IIIIZIIIIIIIIIII": -0.00035688473297742357, "IIIIZIIIIIIIIIIZ": 0.10986603391151605, "IIIIXIIIIIIIIIIX": 0.013623994970515628, "IIIIYIIIIIIIIIIY": 0.013623994970515628, "IIIZIIIIIIIIIIII": -0.022599484486836144, "IIIZIIIIIIIIIIIZ": 0.11160083247034386, "IIIXIIIIIIIIIIIX": 0.013228875986978493, "IIIYIIIIIIIIIIIY": 0.013228875986978493, "IIZIIIIIIIIIIIII": -0.041626736940346465, "IIZIIIIIIIIIIIIZ": 0.1129766167034921, "IIXIIIIIIIIIIIIX": 0.01289044301312704, "IIYIIIIIIIIIIIIY": 0.01289044301312704, "IZIIIIIIIIIIIIII": -0.0562846191206762, "IZIIIIIIIIIIIIIZ": 0.11342342821155009, "IXIIIIIIIIIIIIIX": 0.012431337379672702, "IYIIIIIIIIIIIIIY": 0.012431337379672702, "ZIIIIIIIIIIIIIII": -0.0655879273838245, "ZIIIIIIIIIIIIIIZ": 0.14946155766971722, "XIIIIIIIIIIIIIIX": 0.018847025343857654, "YIIIIIIIIIIIIIIY": 0.018847025343857654, "IIIIIIIIIIIIIZZI": 0.0875037381188416, "IIIIIIIIIIIIIXXI": 0.03299331730334138, "IIIIIIIIIIIIIYYI": 0.03299331730334138, "IIIIIIIIIIIIZIZI": 0.0916678890199857, "IIIIIIIIIIIIXIXI": 0.027803599513637454, "IIIIIIIIIIIIYIYI": 0.027803599513637454, "IIIIIIIIIIIZIIZI": 0.09462822743158575, "IIIIIIIIIIIXIIXI": 0.02396078732029638, "IIIIIIIIIIIYIIYI": 0.02396078732029638, "IIIIIIIIIIZIIIZI": 0.0956119602711882, "IIIIIIIIIIXIIIXI": 0.020348066557303597, "IIIIIIIIIIYIIIYI": 0.020348066557303597, "IIIIIIIIIZIIIIZI": 0.10999417807964393, "IIIIIIIIIXIIIIXI": 0.024134763896521146, "IIIIIIIIIYIIIIYI": 0.024134763896521146, "IIIIIIIIZIIIIIZI": 0.10737698304381017, "IIIIIIIIXIIIIIXI": 0.018968989131534872, "IIIIIIIIYIIIIIYI": 0.018968989131534872, "IIIIIIIZIIIIIIZI": 0.10900253378802384, "IIIIIIIXIIIIIIXI": 0.017491314614389974, "IIIIIIIYIIIIIIYI": 0.017491314614389974, "IIIIIIZIIIIIIIZI": 0.11495760507738587, "IIIIIIXIIIIIIIXI": 0.020432592232560564, "IIIIIIYIIIIIIIYI": 0.020432592232560564, "IIIIIZIIIIIIIIZI": 0.1043338159304587, "IIIIIXIIIIIIIIXI": 0.013715052595066973, "IIIIIYIIIIIIIIYI": 0.013715052595066973, "IIIIZIIIIIIIIIZI": 0.10704756317917188, "IIIIXIIIIIIIIIXI": 0.013755422367398426, "IIIIYIIIIIIIIIYI": 0.013755422367398426, "IIIZIIIIIIIIIIZI": 0.10861013443695777, "IIIXIIIIIIIIIIXI": 0.013365175846864873, "IIIYIIIIIIIIIIYI": 0.013365175846864873, "IIZIIIIIIIIIIIZI": 0.10934575322569517, "IIXIIIIIIIIIIIXI": 0.01282025830206542, "IIYIIIIIIIIIIIYI": 0.01282025830206542, "IZIIIIIIIIIIIIZI": 0.13312455710708565, "IXIIIIIIIIIIIIXI": 0.01901639828521256, "IYIIIIIIIIIIIIYI": 0.01901639828521256, "ZIIIIIIIIIIIIIZI": 0.11581244386224358, "XIIIIIIIIIIIIIXI": 0.01297302705818129, "YIIIIIIIIIIIIIYI": 0.01297302705818129, "IIIIIIIIIIIIZZII": 0.08827265843186606, "IIIIIIIIIIIIXXII": 0.03033353071955549, "IIIIIIIIIIIIYYII": 0.03033353071955549, "IIIIIIIIIIIZIZII": 0.0912737478643071, "IIIIIIIIIIIXIXII": 0.025137568695068675, "IIIIIIIIIIIYIYII": 0.025137568695068675, "IIIIIIIIIIZIIZII": 0.10074474567675187, "IIIIIIIIIIXIIXII": 0.026670374714799848, "IIIIIIIIIIYIIYII": 0.026670374714799848, "IIIIIIIIIZIIIZII": 0.10057043988121867, "IIIIIIIIIXIIIXII": 0.021846057414912003, "IIIIIIIIIYIIIYII": 0.021846057414912003, "IIIIIIIIZIIIIZII": 0.10408612419606489, "IIIIIIIIXIIIIXII": 0.019429029876954457, "IIIIIIIIYIIIIYII": 0.019429029876954457, "IIIIIIIZIIIIIZII": 0.1063991384984265, "IIIIIIIXIIIIIXII": 0.017337805850542017, "IIIIIIIYIIIIIYII": 0.017337805850542017, "IIIIIIZIIIIIIZII": 0.10591901957788039, "IIIIIIXIIIIIIXII": 0.017234478715072738, "IIIIIIYIIIIIIYII": 0.017234478715072738, "IIIIIZIIIIIIIZII": 0.11016108510448792, "IIIIIXIIIIIIIXII": 0.018979321935956906, "IIIIIYIIIIIIIYII": 0.018979321935956906, "IIIIZIIIIIIIIZII": 0.10520746757839108, "IIIIXIIIIIIIIXII": 0.013479923288791636, "IIIIYIIIIIIIIYII": 0.013479923288791636, "IIIZIIIIIIIIIZII": 0.10688990636755358, "IIIXIIIIIIIIIXII": 0.01340099177937671, "IIIYIIIIIIIIIYII": 0.01340099177937671, "IIZIIIIIIIIIIZII": 0.12441833450289466, "IIXIIIIIIIIIIXII": 0.019436748700634852, "IIYIIIIIIIIIIYII": 0.019436748700634852, "IZIIIIIIIIIIIZII": 0.11133086894484699, "IXIIIIIIIIIIIXII": 0.013462270065228607, "IYIIIIIIIIIIIYII": 0.013462270065228607, "ZIIIIIIIIIIIIZII": 0.11336300076639559, "XIIIIIIIIIIIIXII": 0.01299806781880337, "YIIIIIIIIIIIIYII": 0.01299806781880337, "IIIIIIIIIIIZZIII": 0.09274538231385421, "IIIIIIIIIIIXXIII": 0.03243906010665303, "IIIIIIIIIIIYYIII": 0.03243906010665303, "IIIIIIIIIIZIZIII": 0.09459689095664178, "IIIIIIIIIIXIXIII": 0.026463700220148035, "IIIIIIIIIIYIYIII": 0.026463700220148035, "IIIIIIIIIZIIZIII": 0.09739844432664621, "IIIIIIIIIXIIXIII": 0.023077601402435914, "IIIIIIIIIYIIYIII": 0.023077601402435914, "IIIIIIIIZIIIZIII": 0.10166691529806515, "IIIIIIIIXIIIXIII": 0.02078536178758533, "IIIIIIIIYIIIYIII": 0.02078536178758533, "IIIIIIIZIIIIZIII": 0.10509755615309048, "IIIIIIIXIIIIXIII": 0.017548937439675803, "IIIIIIIYIIIIYIII": 0.017548937439675803, "IIIIIIZIIIIIZIII": 0.10405604936747478, "IIIIIIXIIIIIXIII": 0.01716550265020249, "IIIIIIYIIIIIYIII": 0.01716550265020249, "IIIIIZIIIIIIZIII": 0.10544947934053625, "IIIIIXIIIIIIXIII": 0.016818456339681934, "IIIIIYIIIIIIYIII": 0.016818456339681934, "IIIIZIIIIIIIZIII": 0.10869243625284099, "IIIIXIIIIIIIXIII": 0.018169464165862313, "IIIIYIIIIIIIYIII": 0.018169464165862313, "IIIZIIIIIIIIZIII": 0.11779049721577449, "IIIXIIIIIIIIXIII": 0.01948282144154103, "IIIYIIIIIIIIYIII": 0.01948282144154103, "IIZIIIIIIIIIZIII": 0.10845830873497381, "IIXIIIIIIIIIXIII": 0.014016968326924954, "IIYIIIIIIIIIYIII": 0.014016968326924954,