{"benchmark_category": "chemistry", "problem_type": "hydrogen_lattice_vqe", "instance_name": "h016_chain_1_50", "num_qubits": 16, "solution_algorithms": ["vqe_puccd"], "data": {"geometry": [["H", 0.0, 0.0, -11.25], ["H", 0.0, 0.0, -9.75], ["H", 0.0, 0.0, -8.25], ["H", 0.0, 0.0, -6.75], ["H", 0.0, 0.0, -5.25], ["H", 0.0, 0.0, -3.75], ["H", 0.0, 0.0, -2.25], ["H", 0.0, 0.0, -0.75], ["H", 0.0, 0.0, 0.75], ["H", 0.0, 0.0, 2.25], ["H", 0.0, 0.0, 3.75], ["H", 0.0, 0.0, 5.25], ["H", 0.0, 0.0, 6.75], ["H", 0.0, 0.0, 8.25], ["H", 0.0, 0.0, 9.75], ["H", 0.0, 0.0, 11.25]], "description": "H16 1D chain, 1.50 Angstroms", "basis": "sto-3g", "mapper": "PairedElectron", "hf_energy": -7.360941833106793, "nuclear_repulsion_energy": 13.43816030499518, "num_spatial_orbitals": 16, "num_alpha": 8, "num_beta": 8, "paired_hamiltonian_dict": {"IIIIIIIIIIIIIIII": -2.8014687959704707, "IIIIIIIIIIIIIIIZ": 0.2632307303159713, "IIIIIIIIIIIIIIZI": 0.2555130782347833, "IIIIIIIIIIIIIIZZ": 0.10870669147321117, "IIIIIIIIIIIIIIXX": 0.04236725611070482, "IIIIIIIIIIIIIIYY": 0.04236725611070482, "IIIIIIIIIIIIIZII": 0.24204215756265957, "IIIIIIIIIIIIIZIZ": 0.11541081307933959, "IIIIIIIIIIIIIXIX": 0.03397355296319902, "IIIIIIIIIIIIIYIY": 0.03397355296319902, "IIIIIIIIIIIIZIII": 0.22258788489516196, "IIIIIIIIIIIIZIIZ": 0.12007604994850177, "IIIIIIIIIIIIXIIX": 0.028293356541211845, "IIIIIIIIIIIIYIIY": 0.028293356541211845, "IIIIIIIIIIIZIIII": 0.19694481413352238, "IIIIIIIIIIIZIIIZ": 0.12318584767592361, "IIIIIIIIIIIXIIIX": 0.02413400872726471, "IIIIIIIIIIIYIIIY": 0.02413400872726471, "IIIIIIIIIIZIIIII": 0.16490831800009248, "IIIIIIIIIIZIIIIZ": 0.12501819939125014, "IIIIIIIIIIXIIIIX": 0.020817502634337803, "IIIIIIIIIIYIIIIY": 0.020817502634337803, "IIIIIIIIIZIIIIII": 0.1265344848195114, "IIIIIIIIIZIIIIIZ": 0.12459374932101133, "IIIIIIIIIXIIIIIX": 0.01764908604163876, "IIIIIIIIIYIIIIIY": 0.01764908604163876, "IIIIIIIIZIIIIIII": 0.08519614658535446, "IIIIIIIIZIIIIIIZ": 0.15316406767251228, "IIIIIIIIXIIIIIIX": 0.021697206815805864, "IIIIIIIIYIIIIIIY": 0.021697206815805864, "IIIIIIIZIIIIIIII": 0.04333468829832558, "IIIIIIIZIIIIIIIZ": 0.15530258942926134, "IIIIIIIXIIIIIIIX": 0.02019953098582175, "IIIIIIIYIIIIIIIY": 0.02019953098582175, "IIIIIIZIIIIIIIII": -0.005252575978631532, "IIIIIIZIIIIIIIIZ": 0.130997030065157, "IIIIIIXIIIIIIIIX": 0.013115289820277513, "IIIIIIYIIIIIIIIY": 0.013115289820277513, "IIIIIZIIIIIIIIII": -0.06160056490542487, "IIIIIZIIIIIIIIIZ": 0.13596697774195404, "IIIIIXIIIIIIIIIX": 0.012897623460857603, "IIIIIYIIIIIIIIIY": 0.012897623460857603, "IIIIZIIIIIIIIIII": -0.11966616947216852, "IIIIZIIIIIIIIIIZ": 0.13907065496670745, "IIIIXIIIIIIIIIIX": 0.012336634753067255, "IIIIYIIIIIIIIIIY": 0.012336634753067255, "IIIZIIIIIIIIIIII": -0.17611829341177196, "IIIZIIIIIIIIIIIZ": 0.14148375482355396, "IIIXIIIIIIIIIIIX": 0.011796148985869491, "IIIYIIIIIIIIIIIY": 0.011796148985869491, "IIZIIIIIIIIIIIII": -0.2272236982681578, "IIZIIIIIIIIIIIIZ": 0.14347053391530828, "IIXIIIIIIIIIIIIX": 0.011336928815092868, "IIYIIIIIIIIIIIIY": 0.011336928815092868, "IZIIIIIIIIIIIIII": -0.2686536230526755, "IZIIIIIIIIIIIIIZ": 0.14497605796189866, "IXIIIIIIIIIIIIIX": 0.010914215679899558, "IYIIIIIIIIIIIIIY": 0.010914215679899558, "ZIIIIIIIIIIIIIII": -0.29604991022059035, "ZIIIIIIIIIIIIIIZ": 0.18845390814958696, "XIIIIIIIIIIIIIIX": 0.01622319202380549, "YIIIIIIIIIIIIIIY": 0.01622319202380549, "IIIIIIIIIIIIIZZI": 0.10927832071698976, "IIIIIIIIIIIIIXXI": 0.036860403957311126, "IIIIIIIIIIIIIYYI": 0.036860403957311126, "IIIIIIIIIIIIZIZI": 0.1147945204267809, "IIIIIIIIIIIIXIXI": 0.030238858321753156, "IIIIIIIIIIIIYIYI": 0.030238858321753156, "IIIIIIIIIIIZIIZI": 0.11865394403337805, "IIIIIIIIIIIXIIXI": 0.02543228963661236, "IIIIIIIIIIIYIIYI": 0.02543228963661236, "IIIIIIIIIIZIIIZI": 0.12052716033756798, "IIIIIIIIIIXIIIXI": 0.021421504429496974, "IIIIIIIIIIYIIIYI": 0.021421504429496974, "IIIIIIIIIZIIIIZI": 0.13214263304677906, "IIIIIIIIIXIIIIXI": 0.022481402998282045, "IIIIIIIIIYIIIIYI": 0.022481402998282045, "IIIIIIIIZIIIIIZI": 0.1337467625899039, "IIIIIIIIXIIIIIXI": 0.018695670652839932, "IIIIIIIIYIIIIIYI": 0.018695670652839932, "IIIIIIIZIIIIIIZI": 0.13592601648388825, "IIIIIIIXIIIIIIXI": 0.016983889372744868, "IIIIIIIYIIIIIIYI": 0.016983889372744868, "IIIIIIZIIIIIIIZI": 0.13867529330386763, "IIIIIIXIIIIIIIXI": 0.017583143104276118, "IIIIIIYIIIIIIIYI": 0.017583143104276118, "IIIIIZIIIIIIIIZI": 0.13194400417467195, "IIIIIXIIIIIIIIXI": 0.012799248814561383, "IIIIIYIIIIIIIIYI": 0.012799248814561383, "IIIIZIIIIIIIIIZI": 0.13527372240165692, "IIIIXIIIIIIIIIXI": 0.01253448336772772, "IIIIYIIIIIIIIIYI": 0.01253448336772772, "IIIZIIIIIIIIIIZI": 0.1375070820653993, "IIIXIIIIIIIIIIXI": 0.011987450217777477, "IIIYIIIIIIIIIIYI": 0.011987450217777477, "IIZIIIIIIIIIIIZI": 0.13916624307354142, "IIXIIIIIIIIIIIXI": 0.0114342895740095, "IIYIIIIIIIIIIIYI": 0.0114342895740095, "IZIIIIIIIIIIIIZI": 0.16650951010782622, "IXIIIIIIIIIIIIXI": 0.016440441798365873, "IYIIIIIIIIIIIIYI": 0.016440441798365873, "ZIIIIIIIIIIIIIZI": 0.14694232561810777, "XIIIIIIIIIIIIIXI": 0.011154302372213858, "YIIIIIIIIIIIIIYI": 0.011154302372213858, "IIIIIIIIIIIIZZII": 0.11028637955368167, "IIIIIIIIIIIIXXII": 0.033595836799340154, "IIIIIIIIIIIIYYII": 0.033595836799340154, "IIIIIIIIIIIZIZII": 0.11479983350760135, "IIIIIIIIIIIXIXII": 0.02746362702894327, "IIIIIIIIIIIYIYII": 0.02746362702894327, "IIIIIIIIIIZIIZII": 0.12257751964533477, "IIIIIIIIIIXIIXII": 0.02602411021398922, "IIIIIIIIIIYIIYII": 0.02602411021398922, "IIIIIIIIIZIIIZII": 0.1247759677828395, "IIIIIIIIIXIIIXII": 0.021976838477470284, "IIIIIIIIIYIIIYII": 0.021976838477470284, "IIIIIIIIZIIIIZII": 0.13008845633936827, "IIIIIIIIXIIIIXII": 0.019366937635518913, "IIIIIIIIYIIIIYII": 0.019366937635518913, "IIIIIIIZIIIIIZII": 0.13273137638934124, "IIIIIIIXIIIIIXII": 0.017144381638911445, "IIIIIIIYIIIIIYII": 0.017144381638911445, "IIIIIIZIIIIIIZII": 0.13191807630525135, "IIIIIIXIIIIIIXII": 0.016311579049622115, "IIIIIIYIIIIIIYII": 0.016311579049622115, "IIIIIZIIIIIIIZII": 0.13503910568107358, "IIIIIXIIIIIIIXII": 0.016185646380449045, "IIIIIYIIIIIIIYII": 0.016185646380449045, "IIIIZIIIIIIIIZII": 0.13329547401357839, "IIIIXIIIIIIIIXII": 0.012555111045128584, "IIIIYIIIIIIIIYII": 0.012555111045128584, "IIIZIIIIIIIIIZII": 0.13563174331366795, "IIIXIIIIIIIIIXII": 0.012223957124457865, "IIIYIIIIIIIIIYII": 0.012223957124457865, "IIZIIIIIIIIIIZII": 0.15476470329214959, "IIXIIIIIIIIIIXII": 0.01692785042671206, "IIYIIIIIIIIIIYII": 0.01692785042671206, "IZIIIIIIIIIIIZII": 0.1409350062972774, "IXIIIIIIIIIIIXII": 0.011718482183394066, "IYIIIIIIIIIIIYII": 0.011718482183394066, "ZIIIIIIIIIIIIZII": 0.14458533061749004, "XIIIIIIIIIIIIXII": 0.011345715432402615, "YIIIIIIIIIIIIYII": 0.011345715432402615, "IIIIIIIIIIIZZIII": 0.11320483544520915, "IIIIIIIIIIIXXIII": 0.03364577876443613, "IIIIIIIIIIIYYIII": 0.03364577876443613, "IIIIIIIIIIZIZIII": 0.11743493699662792, "IIIIIIIIIIXIXIII": 0.027722100470602327, "IIIIIIIIIIYIYIII": 0.027722100470602327, "IIIIIIIIIZIIZIII": 0.12138779289069367, "IIIIIIIIIXIIXIII": 0.023727877656093545, "IIIIIIIIIYIIYIII": 0.023727877656093545, "IIIIIIIIZIIIZIII": 0.12732351209114373, "IIIIIIIIXIIIXIII": 0.020925670112852814, "IIIIIIIIYIIIYIII": 0.020925670112852814, "IIIIIIIZIIIIZIII": 0.13082688905683382, "IIIIIIIXIIIIXIII": 0.017763641555169973, "IIIIIIIYIIIIYIII": 0.017763641555169973, "IIIIIIZIIIIIZIII": 0.12980818479616324, "IIIIIIXIIIIIXIII": 0.016705524996374534, "IIIIIIYIIIIIYIII": 0.016705524996374534, "IIIIIZIIIIIIZIII": 0.1318455230318485, "IIIIIXIIIIIIXIII": 0.01575107338838984, "IIIIIYIIIIIIYIII": 0.01575107338838984, "IIIIZIIIIIIIZIII": 0.1346279031582557, "IIIIXIIIIIIIXIII": 0.015523623601390481, "IIIIYIIIIIIIYIII": 0.015523623601390481, "IIIZIIIIIIIIZIII": 0.1462808984473103, "IIIXIIIIIIIIXIII": 0.017352547272825453, "IIIYIIIIIIIIYIII": 0.017352547272825453, "IIZIIIIIIIIIZIII": 0.13719835565424368, "IIXIIIIIIIIIXIII": 0.012501246701416103, "IIYIIIIIIIIIYIII": 0.012501246701416103,