{"benchmark_category": "chemistry", "problem_type": "hydrogen_lattice_vqe", "instance_name": "h016_chain_0_75", "num_qubits": 16, "solution_algorithms": ["vqe_puccd"], "data": {"geometry": [["H", 0.0, 0.0, -5.625], ["H", 0.0, 0.0, -4.875], ["H", 0.0, 0.0, -4.125], ["H", 0.0, 0.0, -3.375], ["H", 0.0, 0.0, -2.625], ["H", 0.0, 0.0, -1.875], ["H", 0.0, 0.0, -1.125], ["H", 0.0, 0.0, -0.375], ["H", 0.0, 0.0, 0.375], ["H", 0.0, 0.0, 1.125], ["H", 0.0, 0.0, 1.875], ["H", 0.0, 0.0, 2.625], ["H", 0.0, 0.0, 3.375], ["H", 0.0, 0.0, 4.125], ["H", 0.0, 0.0, 4.875], ["H", 0.0, 0.0, 5.625]], "description": "H16 1D chain, 0.75 Angstroms", "basis": "sto-3g", "mapper": "PairedElectron", "hf_energy": -8.046971675958545, "nuclear_repulsion_energy": 26.87632060999036, "num_spatial_orbitals": 16, "num_alpha": 8, "num_beta": 8, "paired_hamiltonian_dict": {"IIIIIIIIIIIIIIII": 6.299089468183013, "IIIIIIIIIIIIIIIZ": 0.4857917068613724, "IIIIIIIIIIIIIIZI": 0.46728595443999876, "IIIIIIIIIIIIIIZZ": 0.19237168383526065, "IIIIIIIIIIIIIIXX": 0.05770938595850822, "IIIIIIIIIIIIIIYY": 0.05770938595850822, "IIIIIIIIIIIIIZII": 0.4298385518624329, "IIIIIIIIIIIIIZIZ": 0.20216363294548012, "IIIIIIIIIIIIIXIX": 0.042069034817945945, "IIIIIIIIIIIIIYIY": 0.042069034817945945, "IIIIIIIIIIIIZIII": 0.3724118458035336, "IIIIIIIIIIIIZIIZ": 0.20846230740214974, "IIIIIIIIIIIIXIIX": 0.03262135712185942, "IIIIIIIIIIIIYIIY": 0.03262135712185942, "IIIIIIIIIIIZIIII": 0.2943449377216921, "IIIIIIIIIIIZIIIZ": 0.21223061049148467, "IIIIIIIIIIIXIIIX": 0.026353005428342853, "IIIIIIIIIIIYIIIY": 0.026353005428342853, "IIIIIIIIIIZIIIII": 0.19443820201192563, "IIIIIIIIIIZIIIIZ": 0.21418123846706677, "IIIIIIIIIIXIIIIX": 0.021833680820464007, "IIIIIIIIIIYIIIIY": 0.021833680820464007, "IIIIIIIIIZIIIIII": 0.06958905293613349, "IIIIIIIIIZIIIIIZ": 0.21346866625641397, "IIIIIIIIIXIIIIIX": 0.018076379295077164, "IIIIIIIIIYIIIIIY": 0.018076379295077164, "IIIIIIIIZIIIIIII": -0.08749679816617353, "IIIIIIIIZIIIIIIZ": 0.24176929601713748, "IIIIIIIIXIIIIIIX": 0.019330020203664186, "IIIIIIIIYIIIIIIY": 0.019330020203664186, "IIIIIIIZIIIIIIII": -0.2561003840908115, "IIIIIIIZIIIIIIIZ": 0.24583658114322535, "IIIIIIIXIIIIIIIX": 0.017430711209942325, "IIIIIIIYIIIIIIIY": 0.017430711209942325, "IIIIIIZIIIIIIIII": -0.44638298295941253, "IIIIIIZIIIIIIIIZ": 0.2269506467560723, "IIIIIIXIIIIIIIIX": 0.012579287130966284, "IIIIIIYIIIIIIIIY": 0.012579287130966284, "IIIIIZIIIIIIIIII": -0.6829614661304308, "IIIIIZIIIIIIIIIZ": 0.2376759806290835, "IIIIIXIIIIIIIIIX": 0.012269136459704968, "IIIIIYIIIIIIIIIY": 0.012269136459704968, "IIIIZIIIIIIIIIII": -0.9538284823108519, "IIIIZIIIIIIIIIIZ": 0.24500817402601463, "IIIIXIIIIIIIIIIX": 0.011436335760736013, "IIIIYIIIIIIIIIIY": 0.011436335760736013, "IIIZIIIIIIIIIIII": -1.2560444889063502, "IIIZIIIIIIIIIIIZ": 0.2509247338832272, "IIIXIIIIIIIIIIIX": 0.010547276868292113, "IIIYIIIIIIIIIIIY": 0.010547276868292113, "IIZIIIIIIIIIIIII": -1.5782581586327273, "IIZIIIIIIIIIIIIZ": 0.25576981441114743, "IIXIIIIIIIIIIIIX": 0.009681058810381999, "IIYIIIIIIIIIIIIY": 0.009681058810381999, "IZIIIIIIIIIIIIII": -1.889099107469045, "IZIIIIIIIIIIIIIZ": 0.25876369955170836, "IXIIIIIIIIIIIIIX": 0.008777572876599887, "IYIIIIIIIIIIIIIY": 0.008777572876599887, "ZIIIIIIIIIIIIIII": -2.129747260459687, "ZIIIIIIIIIIIIIIZ": 0.3295767837407162, "XIIIIIIIIIIIIIIX": 0.01256783368565028, "YIIIIIIIIIIIIIIY": 0.01256783368565028, "IIIIIIIIIIIIIZZI": 0.19012221556557946, "IIIIIIIIIIIIIXXI": 0.04917251212663503, "IIIIIIIIIIIIIYYI": 0.04917251212663503, "IIIIIIIIIIIIZIZI": 0.19899822117804017, "IIIIIIIIIIIIXIXI": 0.03706453870208432, "IIIIIIIIIIIIYIYI": 0.03706453870208432, "IIIIIIIIIIIZIIZI": 0.20458582852766422, "IIIIIIIIIIIXIIXI": 0.02916784880638975, "IIIIIIIIIIIYIIYI": 0.02916784880638975, "IIIIIIIIIIZIIIZI": 0.2073239189923983, "IIIIIIIIIIXIIIXI": 0.02352433546401692, "IIIIIIIIIIYIIIYI": 0.02352433546401692, "IIIIIIIIIZIIIIZI": 0.21537877377969586, "IIIIIIIIIXIIIIXI": 0.021321970955286887, "IIIIIIIIIYIIIIYI": 0.021321970955286887, "IIIIIIIIZIIIIIZI": 0.22563503658220263, "IIIIIIIIXIIIIIXI": 0.019055507125438, "IIIIIIIIYIIIIIYI": 0.019055507125438, "IIIIIIIZIIIIIIZI": 0.2299849550622291, "IIIIIIIXIIIIIIXI": 0.0169870464824119, "IIIIIIIYIIIIIIYI": 0.0169870464824119, "IIIIIIZIIIIIIIZI": 0.22884472055412783, "IIIIIIXIIIIIIIXI": 0.015115295835090366, "IIIIIIYIIIIIIIYI": 0.015115295835090366, "IIIIIZIIIIIIIIZI": 0.23041216446461726, "IIIIIXIIIIIIIIXI": 0.012477620538768308, "IIIIIYIIIIIIIIYI": 0.012477620538768308, "IIIIZIIIIIIIIIZI": 0.2374160977818018, "IIIIXIIIIIIIIIXI": 0.01186715327423128, "IIIIYIIIIIIIIIYI": 0.01186715327423128, "IIIZIIIIIIIIIIZI": 0.2428128926529387, "IIIXIIIIIIIIIIXI": 0.010924417133936208, "IIIYIIIIIIIIIIYI": 0.010924417133936208, "IIZIIIIIIIIIIIZI": 0.24680831919893495, "IIXIIIIIIIIIIIXI": 0.009884467377988057, "IIYIIIIIIIIIIIYI": 0.009884467377988057, "IZIIIIIIIIIIIIZI": 0.28327333115875775, "IXIIIIIIIIIIIIXI": 0.012806950901563387, "IYIIIIIIIIIIIIYI": 0.012806950901563387, "ZIIIIIIIIIIIIIZI": 0.263829933739301, "XIIIIIIIIIIIIIXI": 0.008889388565433793, "YIIIIIIIIIIIIIYI": 0.008889388565433793, "IIIIIIIIIIIIZZII": 0.18964266853231243, "IIIIIIIIIIIIXXII": 0.044651913403852266, "IIIIIIIIIIIIYYII": 0.044651913403852266, "IIIIIIIIIIIZIZII": 0.1977045676982232, "IIIIIIIIIIIXIXII": 0.03399945079396363, "IIIIIIIIIIIYIYII": 0.03399945079396363, "IIIIIIIIIIZIIZII": 0.20488829921796262, "IIIIIIIIIIXIIXII": 0.027981686652101347, "IIIIIIIIIIYIIYII": 0.027981686652101347, "IIIIIIIIIZIIIZII": 0.21029584299289628, "IIIIIIIIIXIIIXII": 0.02355269794418745, "IIIIIIIIIYIIIYII": 0.02355269794418745, "IIIIIIIIZIIIIZII": 0.22009211410758034, "IIIIIIIIXIIIIXII": 0.0206617997029148, "IIIIIIIIYIIIIYII": 0.0206617997029148, "IIIIIIIZIIIIIZII": 0.22480460363199095, "IIIIIIIXIIIIIXII": 0.018053048315475027, "IIIIIIIYIIIIIYII": 0.018053048315475027, "IIIIIIZIIIIIIZII": 0.22455671563189739, "IIIIIIXIIIIIIXII": 0.016027340682807496, "IIIIIIYIIIIIIYII": 0.016027340682807496, "IIIIIZIIIIIIIZII": 0.22954907549982773, "IIIIIXIIIIIIIXII": 0.014408966022134538, "IIIIIYIIIIIIIYII": 0.014408966022134538, "IIIIZIIIIIIIIZII": 0.23371120429433484, "IIIIXIIIIIIIIXII": 0.012352878716399656, "IIIIYIIIIIIIIYII": 0.012352878716399656, "IIIZIIIIIIIIIZII": 0.23886822734744453, "IIIXIIIIIIIIIXII": 0.011472213745688256, "IIIYIIIIIIIIIYII": 0.011472213745688256, "IIZIIIIIIIIIIZII": 0.2604987164531578, "IIXIIIIIIIIIIXII": 0.01358687818204093, "IIYIIIIIIIIIIYII": 0.01358687818204093, "IZIIIIIIIIIIIZII": 0.24981078182564617, "IXIIIIIIIIIIIXII": 0.009832982972503419, "IYIIIIIIIIIIIYII": 0.009832982972503419, "ZIIIIIIIIIIIIZII": 0.25622004740955573, "XIIIIIIIIIIIIXII": 0.009026413850643152, "YIIIIIIIIIIIIYII": 0.009026413850643152, "IIIIIIIIIIIZZIII": 0.19007313705352438, "IIIIIIIIIIIXXIII": 0.042695909049760436, "IIIIIIIIIIIYYIII": 0.042695909049760436, "IIIIIIIIIIZIZIII": 0.1987625938384198, "IIIIIIIIIIXIXIII": 0.03349263188635741, "IIIIIIIIIIYIYIII": 0.03349263188635741, "IIIIIIIIIZIIZIII": 0.20566242821797703, "IIIIIIIIIXIIXIII": 0.027355006770272493, "IIIIIIIIIYIIYIII": 0.027355006770272493, "IIIIIIIIZIIIZIII": 0.2157526797833689, "IIIIIIIIXIIIXIII": 0.02347180627137816, "IIIIIIIIYIIIYIII": 0.02347180627137816, "IIIIIIIZIIIIZIII": 0.22125834600868705, "IIIIIIIXIIIIXIII": 0.019892185589650828, "IIIIIIIYIIIIYIII": 0.019892185589650828, "IIIIIIZIIIIIZIII": 0.22178566505864689, "IIIIIIXIIIIIXIII": 0.01755613439784132, "IIIIIIYIIIIIYIII": 0.01755613439784132, "IIIIIZIIIIIIZIII": 0.22696451858751868, "IIIIIXIIIIIIXIII": 0.01570097420696108, "IIIIIYIIIIIIYIII": 0.01570097420696108, "IIIIZIIIIIIIZIII": 0.23217486492966058, "IIIIXIIIIIIIXIII": 0.014118291757890668, "IIIIYIIIIIIIYIII": 0.014118291757890668, "IIIZIIIIIIIIZIII": 0.24567493546133282, "IIIXIIIIIIIIXIII": 0.014716991913060874, "IIIYIIIIIIIIYIII": 0.014716991913060874, "IIZIIIIIIIIIZIII": 0.24095722692791016, "IIXIIIIIIIIIXIII": 0.011225453513931893, "IIYIIIIIIIIIYIII": 0.011225453513931893,