{"benchmark_category": "chemistry", "problem_type": "hydrogen_lattice_vqe", "instance_name": "h016_chain_1_00", "num_qubits": 16, "solution_algorithms": ["vqe_puccd"], "data": {"geometry": [["H", 0.0, 0.0, -7.5], ["H", 0.0, 0.0, -6.5], ["H", 0.0, 0.0, -5.5], ["H", 0.0, 0.0, -4.5], ["H", 0.0, 0.0, -3.5], ["H", 0.0, 0.0, -2.5], ["H", 0.0, 0.0, -1.5], ["H", 0.0, 0.0, -0.5], ["H", 0.0, 0.0, 0.5], ["H", 0.0, 0.0, 1.5], ["H", 0.0, 0.0, 2.5], ["H", 0.0, 0.0, 3.5], ["H", 0.0, 0.0, 4.5], ["H", 0.0, 0.0, 5.5], ["H", 0.0, 0.0, 6.5], ["H", 0.0, 0.0, 7.5]], "description": "H16 1D chain, 1.00 Angstroms", "basis": "sto-3g", "mapper": "PairedElectron", "hf_energy": -8.33517576905858, "nuclear_repulsion_energy": 20.157240457492758, "num_spatial_orbitals": 16, "num_alpha": 8, "num_beta": 8, "paired_hamiltonian_dict": {"IIIIIIIIIIIIIIII": 0.6199477809929307, "IIIIIIIIIIIIIIIZ": 0.39157394379631427, "IIIIIIIIIIIIIIZI": 0.37878111681651233, "IIIIIIIIIIIIIIZZ": 0.15124608189653238, "IIIIIIIIIIIIIIXX": 0.05143370797682031, "IIIIIIIIIIIIIIYY": 0.05143370797682031, "IIIIIIIIIIIIIZII": 0.354412934007862, "IIIIIIIIIIIIIZIZ": 0.1604586914998496, "IIIIIIIIIIIIIXIX": 0.039269240391816604, "IIIIIIIIIIIIIYIY": 0.039269240391816604, "IIIIIIIIIIIIZIII": 0.3178754773550587, "IIIIIIIIIIIIZIIZ": 0.16644588950782674, "IIIIIIIIIIIIXIIX": 0.03137762619602436, "IIIIIIIIIIIIYIIY": 0.03137762619602436, "IIIIIIIIIIIZIIII": 0.26865873749624714, "IIIIIIIIIIIZIIIZ": 0.17024392331872987, "IIIIIIIIIIIXIIIX": 0.025903455515386305, "IIIIIIIIIIIYIIIY": 0.025903455515386305, "IIIIIIIIIIZIIIII": 0.2059843514566021, "IIIIIIIIIIZIIIIZ": 0.1724116141683772, "IIIIIIIIIIXIIIIX": 0.02179070201467696, "IIIIIIIIIIYIIIIY": 0.02179070201467696, "IIIIIIIIIZIIIIII": 0.12831761223427307, "IIIIIIIIIZIIIIIZ": 0.17218522734778474, "IIIIIIIIIXIIIIIX": 0.01825102606566264, "IIIIIIIIIYIIIIIY": 0.01825102606566264, "IIIIIIIIZIIIIIII": 0.03481741616624033, "IIIIIIIIZIIIIIIZ": 0.19976788988470165, "IIIIIIIIXIIIIIIX": 0.020241103640730996, "IIIIIIIIYIIIIIIY": 0.020241103640730996, "IIIIIIIZIIIIIIII": -0.06503426139003834, "IIIIIIIZIIIIIIIZ": 0.20233922299226004, "IIIIIIIXIIIIIIIX": 0.018324160632994458, "IIIIIIIYIIIIIIIY": 0.018324160632994458, "IIIIIIZIIIIIIIII": -0.17908504335165998, "IIIIIIZIIIIIIIIZ": 0.1811172249100977, "IIIIIIXIIIIIIIIX": 0.012724534719845875, "IIIIIIYIIIIIIIIY": 0.012724534719845875, "IIIIIZIIIIIIIIII": -0.3173405624738631, "IIIIIZIIIIIIIIIZ": 0.18868213323156838, "IIIIIXIIIIIIIIIX": 0.012362358141106167, "IIIIIYIIIIIIIIIY": 0.012362358141106167, "IIIIZIIIIIIIIIII": -0.47027325096904016, "IIIIZIIIIIIIIIIZ": 0.19378785168509324, "IIIIXIIIIIIIIIIX": 0.011604701949166872, "IIIIYIIIIIIIIIIY": 0.011604701949166872, "IIIZIIIIIIIIIIII": -0.6315458101168733, "IIIZIIIIIIIIIIIZ": 0.19798175900137513, "IIIXIIIIIIIIIIIX": 0.010833589231874515, "IIIYIIIIIIIIIIIY": 0.010833589231874515, "IIZIIIIIIIIIIIII": -0.790267267380569, "IIZIIIIIIIIIIIIZ": 0.2015144668843836, "IIXIIIIIIIIIIIIX": 0.010125098153437288, "IIYIIIIIIIIIIIIY": 0.010125098153437288, "IZIIIIIIIIIIIIII": -0.9294353614107403, "IZIIIIIIIIIIIIIZ": 0.2043527540653087, "IXIIIIIIIIIIIIIX": 0.009485942426847502, "IYIIIIIIIIIIIIIY": 0.009485942426847502, "ZIIIIIIIIIIIIIII": -1.0277556212316492, "ZIIIIIIIIIIIIIIZ": 0.2616756869904239, "XIIIIIIIIIIIIIIX": 0.013685788182775967, "YIIIIIIIIIIIIIIY": 0.013685788182775967, "IIIIIIIIIIIIIZZI": 0.15110720410885084, "IIIIIIIIIIIIIXXI": 0.043783542499587505, "IIIIIIIIIIIIIYYI": 0.043783542499587505, "IIIIIIIIIIIIZIZI": 0.15867386700522268, "IIIIIIIIIIIIXIXI": 0.03439839932929189, "IIIIIIIIIIIIYIYI": 0.03439839932929189, "IIIIIIIIIIIZIIZI": 0.16372017547913414, "IIIIIIIIIIIXIIXI": 0.027876410015280132, "IIIIIIIIIIIYIIYI": 0.027876410015280132, "IIIIIIIIIIZIIIZI": 0.16644964707684407, "IIIIIIIIIIXIIIXI": 0.022975506949642628, "IIIIIIIIIIYIIIYI": 0.022975506949642628, "IIIIIIIIIZIIIIZI": 0.17573535587986594, "IIIIIIIIIXIIIIXI": 0.021769924038826056, "IIIIIIIIIYIIIIYI": 0.021769924038826056, "IIIIIIIIZIIIIIZI": 0.18221034370752456, "IIIIIIIIXIIIIIXI": 0.018961152050809758, "IIIIIIIIYIIIIIYI": 0.018961152050809758, "IIIIIIIZIIIIIIZI": 0.18527569746824119, "IIIIIIIXIIIIIIXI": 0.01695220499048572, "IIIIIIIYIIIIIIYI": 0.01695220499048572, "IIIIIIZIIIIIIIZI": 0.1851355688965658, "IIIIIIXIIIIIIIXI": 0.015746735167518157, "IIIIIIYIIIIIIIYI": 0.015746735167518157, "IIIIIZIIIIIIIIZI": 0.18301616945129803, "IIIIIXIIIIIIIIXI": 0.012420803569063625, "IIIIIYIIIIIIIIYI": 0.012420803569063625, "IIIIZIIIIIIIIIZI": 0.18806649088235344, "IIIIXIIIIIIIIIXI": 0.011887394128979448, "IIIIYIIIIIIIIIYI": 0.011887394128979448, "IIIZIIIIIIIIIIZI": 0.19194857320038758, "IIIXIIIIIIIIIIXI": 0.011093966432342214, "IIIYIIIIIIIIIIYI": 0.011093966432342214, "IIZIIIIIIIIIIIZI": 0.19511301064405678, "IIXIIIIIIIIIIIXI": 0.010298908513362652, "IIYIIIIIIIIIIIYI": 0.010298908513362652, "IZIIIIIIIIIIIIZI": 0.22802907292511893, "IXIIIIIIIIIIIIXI": 0.013946472930225617, "IYIIIIIIIIIIIIYI": 0.013946472930225617, "ZIIIIIIIIIIIIIZI": 0.20665047638927392, "XIIIIIIIIIIIIIXI": 0.009490132254670118, "YIIIIIIIIIIIIIYI": 0.009490132254670118, "IIIIIIIIIIIIZZII": 0.1517894395384655, "IIIIIIIIIIIIXXII": 0.03965677949778323, "IIIIIIIIIIIIYYII": 0.03965677949778323, "IIIIIIIIIIIZIZII": 0.15838282678118898, "IIIIIIIIIIIXIXII": 0.03132775362483363, "IIIIIIIIIIIYIYII": 0.03132775362483363, "IIIIIIIIIIZIIZII": 0.16557934500244137, "IIIIIIIIIIXIIXII": 0.027041946176915757, "IIIIIIIIIIYIIYII": 0.027041946176915757, "IIIIIIIIIZIIIZII": 0.16984632940678085, "IIIIIIIIIXIIIXII": 0.0229169479657077, "IIIIIIIIIYIIIYII": 0.0229169479657077, "IIIIIIIIZIIIIZII": 0.17761005501234556, "IIIIIIIIXIIIIXII": 0.02007909828867589, "IIIIIIIIYIIIIYII": 0.02007909828867589, "IIIIIIIZIIIIIZII": 0.18107380623240815, "IIIIIIIXIIIIIXII": 0.017580449224882697, "IIIIIIIYIIIIIYII": 0.017580449224882697, "IIIIIIZIIIIIIZII": 0.18016739605321108, "IIIIIIXIIIIIIXII": 0.015918950883109444, "IIIIIIYIIIIIIYII": 0.015918950883109444, "IIIIIZIIIIIIIZII": 0.18371215444282965, "IIIIIXIIIIIIIXII": 0.014631401605895983, "IIIIIYIIIIIIIYII": 0.014631401605895983, "IIIIZIIIIIIIIZII": 0.18542881564270122, "IIIIXIIIIIIIIXII": 0.012157432595729305, "IIIIYIIIIIIIIYII": 0.012157432595729305, "IIIZIIIIIIIIIZII": 0.18930510035174133, "IIIXIIIIIIIIIXII": 0.011493206657513272, "IIIYIIIIIIIIIYII": 0.011493206657513272, "IIZIIIIIIIIIIZII": 0.2104117267063162, "IIXIIIIIIIIIIXII": 0.014551739101560867, "IIYIIIIIIIIIIYII": 0.014551739101560867, "IZIIIIIIIIIIIZII": 0.19704013973923717, "IXIIIIIIIIIIIXII": 0.010221580792268977, "IYIIIIIIIIIIIYII": 0.010221580792268977, "ZIIIIIIIIIIIIZII": 0.20288864747301946, "XIIIIIIIIIIIIXII": 0.009705210188451477, "YIIIIIIIIIIIIYII": 0.009705210188451477, "IIIIIIIIIIIZZIII": 0.15334719757023962, "IIIIIIIIIIIXXIII": 0.03823762725915013, "IIIIIIIIIIIYYIII": 0.03823762725915013, "IIIIIIIIIIZIZIII": 0.16016932912525783, "IIIIIIIIIIXIXIII": 0.030853580305747984, "IIIIIIIIIIYIYIII": 0.030853580305747984, "IIIIIIIIIZIIZIII": 0.16577425262569045, "IIIIIIIIIXIIXIII": 0.02569621307470335, "IIIIIIIIIYIIYIII": 0.02569621307470335, "IIIIIIIIZIIIZIII": 0.17400264920446368, "IIIIIIIIXIIIXIII": 0.022211242884666468, "IIIIIIIIYIIIYIII": 0.022211242884666468, "IIIIIIIZIIIIZIII": 0.1782467750790369, "IIIIIIIXIIIIXIII": 0.018824009846036244, "IIIIIIIYIIIIYIII": 0.018824009846036244, "IIIIIIZIIIIIZIII": 0.17772920051153906, "IIIIIIXIIIIIXIII": 0.016925913646975287, "IIIIIIYIIIIIYIII": 0.016925913646975287, "IIIIIZIIIIIIZIII": 0.18123996102105258, "IIIIIXIIIIIIXIII": 0.015349873144548243, "IIIIIYIIIIIIYIII": 0.015349873144548243, "IIIIZIIIIIIIZIII": 0.1850522965024542, "IIIIXIIIIIIIXIII": 0.014123553774076572, "IIIIYIIIIIIIYIII": 0.014123553774076572, "IIIZIIIIIIIIZIII": 0.19833877704664676, "IIIXIIIIIIIIXIII": 0.015334981582180274, "IIIYIIIIIIIIYIII": 0.015334981582180274, "IIZIIIIIIIIIZIII": 0.19106856045837584, "IIXIIIIIIIIIXIII": 0.011330814136651702, "IIYIIIIIIIIIYIII": 0.011330814136651702,