{"benchmark_category": "chemistry", "problem_type": "hydrogen_lattice_vqe", "instance_name": "h016_chain_1_25", "num_qubits": 16, "solution_algorithms": ["vqe_puccd"], "data": {"geometry": [["H", 0.0, 0.0, -9.375], ["H", 0.0, 0.0, -8.125], ["H", 0.0, 0.0, -6.875], ["H", 0.0, 0.0, -5.625], ["H", 0.0, 0.0, -4.375], ["H", 0.0, 0.0, -3.125], ["H", 0.0, 0.0, -1.875], ["H", 0.0, 0.0, -0.625], ["H", 0.0, 0.0, 0.625], ["H", 0.0, 0.0, 1.875], ["H", 0.0, 0.0, 3.125], ["H", 0.0, 0.0, 4.375], ["H", 0.0, 0.0, 5.625], ["H", 0.0, 0.0, 6.875], ["H", 0.0, 0.0, 8.125], ["H", 0.0, 0.0, 9.375]], "description": "H16 1D chain, 1.25 Angstroms", "basis": "sto-3g", "mapper": "PairedElectron", "hf_energy": -7.9285922377817, "nuclear_repulsion_energy": 16.125792365994233, "num_spatial_orbitals": 16, "num_alpha": 8, "num_beta": 8, "paired_hamiltonian_dict": {"IIIIIIIIIIIIIIII": -1.7109369318254108, "IIIIIIIIIIIIIIIZ": 0.32042252357384965, "IIIIIIIIIIIIIIZI": 0.3106489958961446, "IIIIIIIIIIIIIIZZ": 0.12589039189869788, "IIIIIIIIIIIIIIXX": 0.04633452616009602, "IIIIIIIIIIIIIIYY": 0.04633452616009602, "IIIIIIIIIIIIIZII": 0.29297423690710356, "IIIIIIIIIIIIIZIZ": 0.13384185104355578, "IIIIIIIIIIIIIXIX": 0.03641081933195352, "IIIIIIIIIIIIIYIY": 0.03641081933195352, "IIIIIIIIIIIIZIII": 0.2669975381368373, "IIIIIIIIIIIIZIIZ": 0.13916277652534798, "IIIIIIIIIIIIXIIX": 0.029765231741136607, "IIIIIIIIIIIIYIIY": 0.029765231741136607, "IIIIIIIIIIIZIIII": 0.232340349324331, "IIIIIIIIIIIZIIIZ": 0.14263706325091902, "IIIIIIIIIIIXIIIX": 0.025008901748061526, "IIIIIIIIIIIYIIIY": 0.025008901748061526, "IIIIIIIIIIZIIIII": 0.18851261423370935, "IIIIIIIIIIZIIIIZ": 0.14467114202837017, "IIIIIIIIIIXIIIIX": 0.021316549887601993, "IIIIIIIIIIYIIIIY": 0.021316549887601993, "IIIIIIIIIZIIIIII": 0.13490281720203334, "IIIIIIIIIZIIIIIZ": 0.14443344969089758, "IIIIIIIIIXIIIIIX": 0.017985236380831045, "IIIIIIIIIYIIIIIY": 0.017985236380831045, "IIIIIIIIZIIIIIII": 0.07354587945057321, "IIIIIIIIZIIIIIIZ": 0.17222863833670035, "IIIIIIIIXIIIIIIX": 0.02089884594937518, "IIIIIIIIYIIIIIIY": 0.02089884594937518, "IIIIIIIZIIIIIIII": 0.009267967258094159, "IIIIIIIZIIIIIIIZ": 0.1744358805313836, "IIIIIIIXIIIIIIIX": 0.019143933156331346, "IIIIIIIYIIIIIIIY": 0.019143933156331346, "IIIIIIZIIIIIIIII": -0.06454555480749802, "IIIIIIZIIIIIIIIZ": 0.1516854280181811, "IIIIIIXIIIIIIIIX": 0.012846611330970219, "IIIIIIYIIIIIIIIY": 0.012846611330970219, "IIIIIZIIIIIIIIII": -0.15155224380791055, "IIIIIZIIIIIIIIIZ": 0.15762179818726832, "IIIIIXIIIIIIIIIX": 0.012523263506657093, "IIIIIYIIIIIIIIIY": 0.012523263506657093, "IIIIZIIIIIIIIIII": -0.24420665807527095, "IIIIZIIIIIIIIIIZ": 0.16147103016244901, "IIIIXIIIIIIIIIIX": 0.011858558714600254, "IIIIYIIIIIIIIIIY": 0.011858558714600254, "IIIZIIIIIIIIIIII": -0.33767645960127024, "IIIZIIIIIIIIIIIZ": 0.16456967131850947, "IIIXIIIIIIIIIIIX": 0.011210199355999826, "IIIYIIIIIIIIIIIY": 0.011210199355999826, "IIZIIIIIIIIIIIII": -0.42541961085509405, "IIZIIIIIIIIIIIIZ": 0.16719431633392662, "IIXIIIIIIIIIIIIX": 0.010647283675129822, "IIYIIIIIIIIIIIIY": 0.010647283675129822, "IZIIIIIIIIIIIIII": -0.498909928513741, "IZIIIIIIIIIIIIIZ": 0.16945661726034286, "IXIIIIIIIIIIIIIX": 0.010169844544998172, "IYIIIIIIIIIIIIIY": 0.010169844544998172, "ZIIIIIIIIIIIIIII": -0.5488254567945308, "ZIIIIIIIIIIIIIIZ": 0.21854884602873942, "XIIIIIIIIIIIIIIX": 0.01488744645118968, "YIIIIIIIIIIIIIIY": 0.01488744645118968, "IIIIIIIIIIIIIZZI": 0.12634736002915428, "IIIIIIIIIIIIIXXI": 0.03981426516584506, "IIIIIIIIIIIIIYYI": 0.03981426516584506, "IIIIIIIIIIIIZIZI": 0.13278916576232092, "IIIIIIIIIIIIXIXI": 0.03208565827694631, "IIIIIIIIIIIIYIYI": 0.03208565827694631, "IIIIIIIIIIIZIIZI": 0.1372109974097961, "IIIIIIIIIIIXIIXI": 0.026551234286955508, "IIIIIIIIIIIYIIYI": 0.026551234286955508, "IIIIIIIIIIZIIIZI": 0.1395656364548689, "IIIIIIIIIIXIIIXI": 0.022181949968556415, "IIIIIIIIIIYIIIYI": 0.022181949968556415, "IIIIIIIIIZIIIIZI": 0.14992018666247214, "IIIIIIIIIXIIIIXI": 0.02203269828056338, "IIIIIIIIIYIIIIYI": 0.02203269828056338, "IIIIIIIIZIIIIIZI": 0.1537594803562119, "IIIIIIIIXIIIIIXI": 0.018761603518572395, "IIIIIIIIYIIIIIYI": 0.018761603518572395, "IIIIIIIZIIIIIIZI": 0.1562885369190507, "IIIIIIIXIIIIIIXI": 0.016892810345139467, "IIIIIIIYIIIIIIYI": 0.016892810345139467, "IIIIIIZIIIIIIIZI": 0.15754043881272767, "IIIIIIXIIIIIIIXI": 0.016505737709663622, "IIIIIIYIIIIIIIYI": 0.016505737709663622, "IIIIIZIIIIIIIIZI": 0.15295601867294395, "IIIIIXIIIIIIIIXI": 0.012507391283175098, "IIIIIYIIIIIIIIYI": 0.012507391283175098, "IIIIZIIIIIIIIIZI": 0.15690511813257152, "IIIIXIIIIIIIIIXI": 0.012087078440002853, "IIIIYIIIIIIIIIYI": 0.012087078440002853, "IIIZIIIIIIIIIIZI": 0.15979448228746063, "IIIXIIIIIIIIIIXI": 0.011428845125037921, "IIIYIIIIIIIIIIYI": 0.011428845125037921, "IIZIIIIIIIIIIIZI": 0.16217820714442963, "IIXIIIIIIIIIIIXI": 0.01080106589275059, "IIYIIIIIIIIIIIYI": 0.01080106589275059, "IZIIIIIIIIIIIIZI": 0.1920332344199534, "IXIIIIIIIIIIIIXI": 0.015135326241583742, "IYIIIIIIIIIIIIYI": 0.015135326241583742, "ZIIIIIIIIIIIIIZI": 0.1712331908468368, "XIIIIIIIIIIIIIXI": 0.010254240464410548, "YIIIIIIIIIIIIIYI": 0.010254240464410548, "IIIIIIIIIIIIZZII": 0.1273525770744819, "IIIIIIIIIIIIXXII": 0.036147015238657154, "IIIIIIIIIIIIYYII": 0.036147015238657154, "IIIIIIIIIIIZIZII": 0.13281094450656872, "IIIIIIIIIIIXIXII": 0.02917237939525984, "IIIIIIIIIIIYIYII": 0.02917237939525984, "IIIIIIIIIIZIIZII": 0.1401425801890015, "IIIIIIIIIIXIIXII": 0.02632756636065324, "IIIIIIIIIIYIIYII": 0.02632756636065324, "IIIIIIIIIZIIIZII": 0.14336166925814736, "IIIIIIIIIXIIIXII": 0.022333712953527228, "IIIIIIIIIYIIIYII": 0.022333712953527228, "IIIIIIIIZIIIIZII": 0.14977417866989023, "IIIIIIIIXIIIIXII": 0.019611911001974652, "IIIIIIIIYIIIIYII": 0.019611911001974652, "IIIIIIIZIIIIIZII": 0.15271164237017593, "IIIIIIIXIIIIIXII": 0.017258802342658235, "IIIIIIIYIIIIIYII": 0.017258802342658235, "IIIIIIZIIIIIIZII": 0.15176216952873495, "IIIIIIXIIIIIIXII": 0.015998816304389853, "IIIIIIYIIIIIIYII": 0.015998816304389853, "IIIIIZIIIIIIIZII": 0.15484426882364194, "IIIIIXIIIIIIIXII": 0.0152049648805939, "IIIIIYIIIIIIIYII": 0.0152049648805939, "IIIIZIIIIIIIIZII": 0.15473340943264569, "IIIIXIIIIIIIIXII": 0.012234324146221059, "IIIIYIIIIIIIIYII": 0.012234324146221059, "IIIZIIIIIIIIIZII": 0.1577054164932935, "IIIXIIIIIIIIIXII": 0.011750542417624571, "IIIYIIIIIIIIIYII": 0.011750542417624571, "IIZIIIIIIIIIIZII": 0.1778539384942653, "IIXIIIIIIIIIIXII": 0.015665745027465497, "IIYIIIIIIIIIIYII": 0.015665745027465497, "IZIIIIIIIIIIIZII": 0.1638628651169273, "IXIIIIIIIIIIIXII": 0.010877104323816023, "IYIIIIIIIIIIIYII": 0.010877104323816023, "ZIIIIIIIIIIIIZII": 0.16867871388533878, "XIIIIIIIIIIIIXII": 0.010494239465501909, "YIIIIIIIIIIIIYII": 0.010494239465501909, "IIIIIIIIIIIZZIII": 0.12962488940139566, "IIIIIIIIIIIXXIII": 0.03539423531657784, "IIIIIIIIIIIYYIII": 0.03539423531657784, "IIIIIIIIIIZIZIII": 0.1350487272898998, "IIIIIIIIIIXIXIII": 0.028982329688012173, "IIIIIIIIIIYIYIII": 0.028982329688012173, "IIIIIIIIIZIIZIII": 0.13972352067998578, "IIIIIIIIIXIIXIII": 0.024501347472872297, "IIIIIIIIIYIIYIII": 0.024501347472872297, "IIIIIIIIZIIIZIII": 0.1466802416581487, "IIIIIIIIXIIIXIII": 0.02138129710391049, "IIIIIIIIYIIIYIII": 0.02138129710391049, "IIIIIIIZIIIIZIII": 0.1504079387478892, "IIIIIIIXIIIIXIII": 0.01814391832007696, "IIIIIIIYIIIIYIII": 0.01814391832007696, "IIIIIIZIIIIIZIII": 0.14952607441780175, "IIIIIIXIIIIIXIII": 0.01667000955730982, "IIIIIIYIIIIIYIII": 0.01667000955730982, "IIIIIZIIIIIIZIII": 0.15212791009849067, "IIIIIXIIIIIIXIII": 0.015394457225355629, "IIIIIYIIIIIIYIII": 0.015394457225355629, "IIIIZIIIIIIIZIII": 0.15520379001860313, "IIIIXIIIIIIIXIII": 0.014609486819396361, "IIIIYIIIIIIIYIII": 0.014609486819396361, "IIIZIIIIIIIIZIII": 0.16784753794924534, "IIIXIIIIIIIIXIII": 0.01626111756433521, "IIIYIIIIIIIIYIII": 0.01626111756433521, "IIZIIIIIIIIIZIII": 0.15930598200838902, "IIXIIIIIIIIIXIII": 0.011800845756025472, "IIYIIIIIIIIIYIII": 0.011800845756025472,